-- --------------------------------------------------------
-- Host:                         127.0.0.1
-- Versión del servidor:         8.0.30 - MySQL Community Server - GPL
-- SO del servidor:              Win64
-- HeidiSQL Versión:             12.1.0.6537
-- --------------------------------------------------------

/*!40101 SET @OLD_CHARACTER_SET_CLIENT=@@CHARACTER_SET_CLIENT */;
/*!40101 SET NAMES utf8 */;
/*!50503 SET NAMES utf8mb4 */;
/*!40103 SET @OLD_TIME_ZONE=@@TIME_ZONE */;
/*!40103 SET TIME_ZONE='+00:00' */;
/*!40014 SET @OLD_FOREIGN_KEY_CHECKS=@@FOREIGN_KEY_CHECKS, FOREIGN_KEY_CHECKS=0 */;
/*!40101 SET @OLD_SQL_MODE=@@SQL_MODE, SQL_MODE='NO_AUTO_VALUE_ON_ZERO' */;
/*!40111 SET @OLD_SQL_NOTES=@@SQL_NOTES, SQL_NOTES=0 */;


-- Volcando estructura de base de datos para spc
CREATE DATABASE IF NOT EXISTS `spc` /*!40100 DEFAULT CHARACTER SET utf32 COLLATE utf32_unicode_ci */ /*!80016 DEFAULT ENCRYPTION='N' */;
USE `spc`;

-- Volcando estructura para tabla spc.accounting_accounts
CREATE TABLE IF NOT EXISTS `accounting_accounts` (
  `id` bigint unsigned NOT NULL AUTO_INCREMENT,
  `code` varchar(255) COLLATE utf8mb4_unicode_ci NOT NULL,
  `name` varchar(191) COLLATE utf8mb4_unicode_ci NOT NULL,
  `storage_value` varchar(191) COLLATE utf8mb4_unicode_ci DEFAULT NULL,
  `field_type` enum('debit','credit') COLLATE utf8mb4_unicode_ci DEFAULT NULL,
  `account_type_id` bigint unsigned NOT NULL,
  `accountable_type` varchar(255) COLLATE utf8mb4_unicode_ci DEFAULT NULL,
  `accountable_id` bigint unsigned DEFAULT NULL,
  `type` enum('general','custom') COLLATE utf8mb4_unicode_ci DEFAULT NULL,
  `level` decimal(1,0) NOT NULL DEFAULT '1',
  `created_at` timestamp NULL DEFAULT NULL,
  `updated_at` timestamp NULL DEFAULT NULL,
  `deleted_at` timestamp NULL DEFAULT NULL,
  PRIMARY KEY (`id`),
  UNIQUE KEY `accounting_accounts_code_unique` (`code`),
  KEY `accounting_accounts_account_type_id_foreign` (`account_type_id`),
  KEY `accounting_accounts_accountable_type_accountable_id_index` (`accountable_type`,`accountable_id`),
  CONSTRAINT `accounting_accounts_account_type_id_foreign` FOREIGN KEY (`account_type_id`) REFERENCES `accounting_account_types` (`id`)
) ENGINE=InnoDB DEFAULT CHARSET=utf8mb4 COLLATE=utf8mb4_unicode_ci;

-- Volcando datos para la tabla spc.accounting_accounts: ~0 rows (aproximadamente)

-- Volcando estructura para tabla spc.accounting_account_types
CREATE TABLE IF NOT EXISTS `accounting_account_types` (
  `id` bigint unsigned NOT NULL AUTO_INCREMENT,
  `name` varchar(100) COLLATE utf8mb4_unicode_ci NOT NULL,
  `allowed_levels` decimal(3,0) NOT NULL DEFAULT '5',
  `created_at` timestamp NULL DEFAULT NULL,
  `updated_at` timestamp NULL DEFAULT NULL,
  PRIMARY KEY (`id`)
) ENGINE=InnoDB AUTO_INCREMENT=7 DEFAULT CHARSET=utf8mb4 COLLATE=utf8mb4_unicode_ci;

-- Volcando datos para la tabla spc.accounting_account_types: ~6 rows (aproximadamente)
INSERT IGNORE INTO `accounting_account_types` (`id`, `name`, `allowed_levels`, `created_at`, `updated_at`) VALUES
	(1, 'Activo', 5, '2023-01-13 15:06:29', '2023-01-13 15:06:29'),
	(2, 'Pasivo', 5, '2023-01-13 15:06:29', '2023-01-13 15:06:29'),
	(3, 'Patrimonio', 5, '2023-01-13 15:06:29', '2023-01-13 15:06:29'),
	(4, 'Ingresos', 5, '2023-01-13 15:06:29', '2023-01-13 15:06:29'),
	(5, 'Costos', 5, '2023-01-13 15:06:29', '2023-01-13 15:06:29'),
	(6, 'Gastos', 5, '2023-01-13 15:06:29', '2023-01-13 15:06:29');

-- Volcando estructura para tabla spc.accounting_records
CREATE TABLE IF NOT EXISTS `accounting_records` (
  `id` bigint unsigned NOT NULL AUTO_INCREMENT,
  `document_type_id` char(8) COLLATE utf8mb4_unicode_ci NOT NULL,
  `description` json NOT NULL,
  `debit` decimal(12,2) NOT NULL DEFAULT '0.00',
  `credit` decimal(12,2) NOT NULL DEFAULT '0.00',
  `accounting_account_id` bigint unsigned NOT NULL,
  `is_locked` tinyint(1) NOT NULL DEFAULT '0',
  `recordtable_type` varchar(255) COLLATE utf8mb4_unicode_ci DEFAULT NULL,
  `recordtable_id` bigint unsigned DEFAULT NULL,
  `created_at` timestamp NULL DEFAULT NULL,
  `updated_at` timestamp NULL DEFAULT NULL,
  `deleted_at` timestamp NULL DEFAULT NULL,
  PRIMARY KEY (`id`),
  KEY `accounting_records_accounting_account_id_foreign` (`accounting_account_id`),
  KEY `accounting_records_document_type_id_foreign` (`document_type_id`),
  KEY `accounting_records_recordtable_type_recordtable_id_index` (`recordtable_type`,`recordtable_id`),
  CONSTRAINT `accounting_records_accounting_account_id_foreign` FOREIGN KEY (`accounting_account_id`) REFERENCES `accounting_accounts` (`id`),
  CONSTRAINT `accounting_records_document_type_id_foreign` FOREIGN KEY (`document_type_id`) REFERENCES `document_types` (`id`)
) ENGINE=InnoDB DEFAULT CHARSET=utf8mb4 COLLATE=utf8mb4_unicode_ci;

-- Volcando datos para la tabla spc.accounting_records: ~0 rows (aproximadamente)

-- Volcando estructura para tabla spc.attributes
CREATE TABLE IF NOT EXISTS `attributes` (
  `id` bigint unsigned NOT NULL AUTO_INCREMENT,
  `uuid` char(36) COLLATE utf8mb4_unicode_ci NOT NULL,
  `name` varchar(191) COLLATE utf8mb4_unicode_ci NOT NULL,
  `type` enum('str','int','list') COLLATE utf8mb4_unicode_ci NOT NULL DEFAULT 'str',
  `created_at` timestamp NULL DEFAULT NULL,
  `updated_at` timestamp NULL DEFAULT NULL,
  `deleted_at` timestamp NULL DEFAULT NULL,
  PRIMARY KEY (`id`)
) ENGINE=InnoDB AUTO_INCREMENT=8 DEFAULT CHARSET=utf8mb4 COLLATE=utf8mb4_unicode_ci;

-- Volcando datos para la tabla spc.attributes: ~7 rows (aproximadamente)
INSERT IGNORE INTO `attributes` (`id`, `uuid`, `name`, `type`, `created_at`, `updated_at`, `deleted_at`) VALUES
	(1, 'd8286d98-9353-11ed-853a-222b2004cae1', 'Color', 'str', '2023-01-13 15:06:23', '2023-01-13 15:06:23', NULL),
	(2, 'd829481c-9353-11ed-b66d-222b2004cae1', 'Modelo', 'str', '2023-01-13 15:06:23', '2023-01-13 15:06:23', NULL),
	(3, 'd829af96-9353-11ed-8ee2-222b2004cae1', 'Cantidad por empaque', 'str', '2023-01-13 15:06:23', '2023-01-13 15:06:23', NULL),
	(4, 'd82a1d78-9353-11ed-a36b-222b2004cae1', 'Año', 'str', '2023-01-13 15:06:23', '2023-01-13 15:06:23', NULL),
	(5, 'd82a9ac8-9353-11ed-bfe1-222b2004cae1', 'Voltaje', 'str', '2023-01-13 15:06:23', '2023-01-13 15:06:23', NULL),
	(6, 'd82b1142-9353-11ed-8e61-222b2004cae1', 'Material', 'str', '2023-01-13 15:06:23', '2023-01-13 15:06:23', NULL),
	(7, 'd82b838e-9353-11ed-b492-222b2004cae1', 'Medidas', 'list', '2023-01-13 15:06:23', '2023-01-13 15:06:23', NULL);

-- Volcando estructura para tabla spc.bonuses
CREATE TABLE IF NOT EXISTS `bonuses` (
  `id` bigint unsigned NOT NULL AUTO_INCREMENT,
  `description` varchar(191) COLLATE utf8mb4_unicode_ci NOT NULL,
  `qty_required` decimal(12,0) NOT NULL DEFAULT '0',
  `value` decimal(12,2) NOT NULL DEFAULT '0.00',
  `category_id` bigint unsigned NOT NULL,
  `created_at` timestamp NULL DEFAULT NULL,
  `updated_at` timestamp NULL DEFAULT NULL,
  PRIMARY KEY (`id`),
  KEY `bonuses_category_id_foreign` (`category_id`),
  CONSTRAINT `bonuses_category_id_foreign` FOREIGN KEY (`category_id`) REFERENCES `categories` (`id`) ON DELETE CASCADE
) ENGINE=InnoDB AUTO_INCREMENT=6 DEFAULT CHARSET=utf8mb4 COLLATE=utf8mb4_unicode_ci;

-- Volcando datos para la tabla spc.bonuses: ~5 rows (aproximadamente)
INSERT IGNORE INTO `bonuses` (`id`, `description`, `qty_required`, `value`, `category_id`, `created_at`, `updated_at`) VALUES
	(1, 'animi', 29, 350.00, 10, '2023-01-13 15:06:29', '2023-01-13 15:06:29'),
	(2, 'quasi', 17, 455.00, 1, '2023-01-13 15:06:29', '2023-01-13 15:06:29'),
	(3, 'facilis', 28, 400.00, 1, '2023-01-13 15:06:29', '2023-01-13 15:06:29'),
	(4, 'aliquam', 29, 103.00, 7, '2023-01-13 15:06:29', '2023-01-13 15:06:29'),
	(5, 'assumenda', 22, 419.00, 4, '2023-01-13 15:06:29', '2023-01-13 15:06:29');

-- Volcando estructura para tabla spc.brands
CREATE TABLE IF NOT EXISTS `brands` (
  `id` bigint unsigned NOT NULL AUTO_INCREMENT,
  `uuid` char(36) COLLATE utf8mb4_unicode_ci NOT NULL,
  `name` varchar(191) COLLATE utf8mb4_unicode_ci NOT NULL,
  `created_at` timestamp NULL DEFAULT NULL,
  `updated_at` timestamp NULL DEFAULT NULL,
  `deleted_at` timestamp NULL DEFAULT NULL,
  PRIMARY KEY (`id`)
) ENGINE=InnoDB AUTO_INCREMENT=18 DEFAULT CHARSET=utf8mb4 COLLATE=utf8mb4_unicode_ci;

-- Volcando datos para la tabla spc.brands: ~17 rows (aproximadamente)
INSERT IGNORE INTO `brands` (`id`, `uuid`, `name`, `created_at`, `updated_at`, `deleted_at`) VALUES
	(1, 'd7ca091a-9353-11ed-8886-222b2004cae1', 'Sin marca', '2023-01-13 15:06:23', '2023-01-13 15:06:23', NULL),
	(2, 'd7ca7d32-9353-11ed-9c20-222b2004cae1', 'Ford', '2023-01-13 15:06:23', '2023-01-13 15:06:23', NULL),
	(3, 'd7cac7e2-9353-11ed-a551-222b2004cae1', 'Chevrolet', '2023-01-13 15:06:23', '2023-01-13 15:06:23', NULL),
	(4, 'd7cb07ac-9353-11ed-a577-222b2004cae1', 'Unipoint', '2023-01-13 15:06:23', '2023-01-13 15:06:23', NULL),
	(5, 'd7cb4d70-9353-11ed-a470-222b2004cae1', 'Duncan', '2023-01-13 15:06:23', '2023-01-13 15:06:23', NULL),
	(6, 'd7cbabd0-9353-11ed-aa4f-222b2004cae1', 'Suzuki', '2023-01-13 15:06:23', '2023-01-13 15:06:23', NULL),
	(7, 'd7cc0c38-9353-11ed-966f-222b2004cae1', 'michellin', '2023-01-13 15:06:23', '2023-01-13 15:06:23', NULL),
	(8, 'd7cc73da-9353-11ed-a7ee-222b2004cae1', 'dignissimos', '2023-01-13 15:06:23', '2023-01-13 15:06:23', NULL),
	(9, 'd7cccdf8-9353-11ed-b16e-222b2004cae1', 'sint', '2023-01-13 15:06:23', '2023-01-13 15:06:23', NULL),
	(10, 'd7cd1600-9353-11ed-9c2b-222b2004cae1', 'quia', '2023-01-13 15:06:23', '2023-01-13 15:06:23', NULL),
	(11, 'd7cd6204-9353-11ed-b0ad-222b2004cae1', 'voluptatibus', '2023-01-13 15:06:23', '2023-01-13 15:06:23', NULL),
	(12, 'd7cdac96-9353-11ed-a765-222b2004cae1', 'omnis', '2023-01-13 15:06:23', '2023-01-13 15:06:23', NULL),
	(13, 'd7ce0358-9353-11ed-9207-222b2004cae1', 'natus', '2023-01-13 15:06:23', '2023-01-13 15:06:23', NULL),
	(14, 'd7ce5cea-9353-11ed-ad1c-222b2004cae1', 'eos', '2023-01-13 15:06:23', '2023-01-13 15:06:23', NULL),
	(15, 'd7ceb050-9353-11ed-9ad0-222b2004cae1', 'nostrum', '2023-01-13 15:06:23', '2023-01-13 15:06:23', NULL),
	(16, 'd7cf0e38-9353-11ed-80bd-222b2004cae1', 'voluptate', '2023-01-13 15:06:23', '2023-01-13 15:06:23', NULL),
	(17, 'd7cf52bc-9353-11ed-a58c-222b2004cae1', 'adipisci', '2023-01-13 15:06:23', '2023-01-13 15:06:23', NULL);

-- Volcando estructura para tabla spc.carriers
CREATE TABLE IF NOT EXISTS `carriers` (
  `id` bigint unsigned NOT NULL AUTO_INCREMENT,
  `uuid` char(36) COLLATE utf8mb4_unicode_ci NOT NULL,
  `name` varchar(191) COLLATE utf8mb4_unicode_ci DEFAULT NULL,
  `contact` json DEFAULT NULL,
  `created_at` timestamp NULL DEFAULT NULL,
  `updated_at` timestamp NULL DEFAULT NULL,
  PRIMARY KEY (`id`)
) ENGINE=InnoDB AUTO_INCREMENT=11 DEFAULT CHARSET=utf8mb4 COLLATE=utf8mb4_unicode_ci;

-- Volcando datos para la tabla spc.carriers: ~9 rows (aproximadamente)
INSERT IGNORE INTO `carriers` (`id`, `uuid`, `name`, `contact`, `created_at`, `updated_at`) VALUES
	(1, 'db8fb1c6-9353-11ed-a0c8-222b2004cae1', 'SPC DE VENEZUELA, C.A.', '{"name": "Jesus Gallo", "email": "ventas@spcvenezuela.com", "phone": "0244-4186541"}', '2023-01-13 15:06:29', '2023-01-13 15:06:29'),
	(2, 'db907c1e-9353-11ed-bca0-222b2004cae1', 'Cross-group full-range capability', '{"name": "Alberto Mena", "email": "javier03@example.org", "phone": "+672636867"}', '2023-01-13 15:06:29', '2023-01-13 15:06:29'),
	(3, 'db90d31c-9353-11ed-b25a-222b2004cae1', 'Function-based grid-enabled pricingstructure', '{"name": "Dr. Diana Meraz", "email": "carlota.espinoza@example.net", "phone": "+421522287525"}', '2023-01-13 15:06:29', '2023-01-13 15:06:29'),
	(4, 'db9121dc-9353-11ed-855b-222b2004cae1', 'Decentralized neutral algorithm', '{"name": "Joel Guillen", "email": "olga82@example.com", "phone": "+994114782030"}', '2023-01-13 15:06:29', '2023-01-13 15:06:29'),
	(5, 'db917240-9353-11ed-80cd-222b2004cae1', 'Advanced executive portal', '{"name": "Arnau Esparza Segundo", "email": "naiara75@example.org", "phone": "+59918844143"}', '2023-01-13 15:06:29', '2023-01-13 15:06:29'),
	(6, 'db91bcf0-9353-11ed-bfe4-222b2004cae1', 'Enterprise-wide heuristic function', '{"name": "Biel Centeno Tercero", "email": "iguevara@example.org", "phone": "+29086668"}', '2023-01-13 15:06:29', '2023-01-13 15:06:29'),
	(8, '79c279c2-9765-11ed-83ea-222b2004cae1', 'DHL Global Forwarding', '{"name": "Atencion al cliente", "email": "ventas@dhl.com", "phone": "0212-2050200"}', '2023-01-18 19:22:40', '2023-01-18 19:22:40'),
	(9, '79c2d656-9765-11ed-ab39-222b2004cae1', 'ZOOM International Services, C.A', '{"name": "Atencion al cliente", "email": "atencionalcliente@zoom.red", "phone": "0501-9666-000"}', '2023-01-18 19:22:40', '2023-01-18 19:22:40'),
	(10, '79c32822-9765-11ed-ad13-222b2004cae1', 'Transferencias y Encomiendas Angulo López C.A. (TEALCA)', '{"name": "Atencion al cliente", "email": "atencionalcliente@tealca.com", "phone": "0501-368467-1"}', '2023-01-18 19:22:40', '2023-01-18 19:22:40');

-- Volcando estructura para tabla spc.categories
CREATE TABLE IF NOT EXISTS `categories` (
  `id` bigint unsigned NOT NULL AUTO_INCREMENT,
  `uuid` char(36) COLLATE utf8mb4_unicode_ci NOT NULL,
  `name` varchar(191) COLLATE utf8mb4_unicode_ci NOT NULL,
  `created_at` timestamp NULL DEFAULT NULL,
  `updated_at` timestamp NULL DEFAULT NULL,
  `deleted_at` timestamp NULL DEFAULT NULL,
  PRIMARY KEY (`id`)
) ENGINE=InnoDB AUTO_INCREMENT=16 DEFAULT CHARSET=utf8mb4 COLLATE=utf8mb4_unicode_ci;

-- Volcando datos para la tabla spc.categories: ~15 rows (aproximadamente)
INSERT IGNORE INTO `categories` (`id`, `uuid`, `name`, `created_at`, `updated_at`, `deleted_at`) VALUES
	(1, 'd7c44d90-9353-11ed-a9c5-222b2004cae1', 'Sin categoria', '2023-01-13 15:06:22', '2023-01-13 15:06:22', NULL),
	(2, 'd7c4d4e0-9353-11ed-b975-222b2004cae1', 'Carroceria', '2023-01-13 15:06:22', '2023-01-13 15:06:22', NULL),
	(3, 'd7c53660-9353-11ed-b7b5-222b2004cae1', 'Mecanica', '2023-01-13 15:06:22', '2023-01-13 15:06:22', NULL),
	(4, 'd7c592ea-9353-11ed-a709-222b2004cae1', 'Electricidad', '2023-01-13 15:06:22', '2023-01-13 15:06:22', NULL),
	(5, 'd7c5ff32-9353-11ed-be54-222b2004cae1', 'Cauchos', '2023-01-13 15:06:23', '2023-01-13 15:06:23', NULL),
	(6, 'd7c66030-9353-11ed-9d3f-222b2004cae1', 'quae', '2023-01-13 15:06:23', '2023-01-13 15:06:23', NULL),
	(7, 'd7c6b30a-9353-11ed-9b47-222b2004cae1', 'dolores', '2023-01-13 15:06:23', '2023-01-13 15:06:23', NULL),
	(8, 'd7c70314-9353-11ed-990c-222b2004cae1', 'laudantium', '2023-01-13 15:06:23', '2023-01-13 15:06:23', NULL),
	(9, 'd7c7574c-9353-11ed-9c6a-222b2004cae1', 'eaque', '2023-01-13 15:06:23', '2023-01-13 15:06:23', NULL),
	(10, 'd7c7b318-9353-11ed-856e-222b2004cae1', 'est', '2023-01-13 15:06:23', '2023-01-13 15:06:23', NULL),
	(11, 'd7c81042-9353-11ed-83f3-222b2004cae1', 'non', '2023-01-13 15:06:23', '2023-01-13 15:06:23', NULL),
	(12, 'd7c86718-9353-11ed-a877-222b2004cae1', 'tempora', '2023-01-13 15:06:23', '2023-01-13 15:06:23', NULL),
	(13, 'd7c8bc90-9353-11ed-89c9-222b2004cae1', 'sint', '2023-01-13 15:06:23', '2023-01-13 15:06:23', NULL),
	(14, 'd7c9182a-9353-11ed-9750-222b2004cae1', 'sit', '2023-01-13 15:06:23', '2023-01-13 15:06:23', NULL),
	(15, 'd7c97432-9353-11ed-9e0e-222b2004cae1', 'hic', '2023-01-13 15:06:23', '2023-01-13 15:06:23', NULL);

-- Volcando estructura para tabla spc.cities
CREATE TABLE IF NOT EXISTS `cities` (
  `id` bigint unsigned NOT NULL AUTO_INCREMENT,
  `city` varchar(255) COLLATE utf8mb4_unicode_ci NOT NULL,
  `capital` tinyint NOT NULL,
  `state_id` bigint unsigned NOT NULL,
  PRIMARY KEY (`id`),
  KEY `cities_state_id_foreign` (`state_id`),
  CONSTRAINT `cities_state_id_foreign` FOREIGN KEY (`state_id`) REFERENCES `states` (`id`)
) ENGINE=InnoDB AUTO_INCREMENT=523 DEFAULT CHARSET=utf8mb4 COLLATE=utf8mb4_unicode_ci;

-- Volcando datos para la tabla spc.cities: ~498 rows (aproximadamente)
INSERT IGNORE INTO `cities` (`id`, `city`, `capital`, `state_id`) VALUES
	(1, 'Maroa', 0, 1),
	(2, 'Puerto Ayacucho', 1, 1),
	(3, 'San Fernando de Atabapo', 0, 1),
	(4, 'Anaco', 0, 2),
	(5, 'Aragua de Barcelona', 0, 2),
	(6, 'Barcelona', 1, 2),
	(7, 'Boca de Uchire', 0, 2),
	(8, 'Cantaura', 0, 2),
	(9, 'Clarines', 0, 2),
	(10, 'El Chaparro', 0, 2),
	(11, 'El Pao Anzoátegui', 0, 2),
	(12, 'El Tigre', 0, 2),
	(13, 'El Tigrito', 0, 2),
	(14, 'Guanape', 0, 2),
	(15, 'Guanta', 0, 2),
	(16, 'Lechería', 0, 2),
	(17, 'Onoto', 0, 2),
	(18, 'Pariaguán', 0, 2),
	(19, 'Píritu', 0, 2),
	(20, 'Puerto La Cruz', 0, 2),
	(21, 'Puerto Píritu', 0, 2),
	(22, 'Sabana de Uchire', 0, 2),
	(23, 'San Mateo Anzoátegui', 0, 2),
	(24, 'San Pablo Anzoátegui', 0, 2),
	(25, 'San Tomé', 0, 2),
	(26, 'Santa Ana de Anzoátegui', 0, 2),
	(27, 'Santa Fe Anzoátegui', 0, 2),
	(28, 'Santa Rosa', 0, 2),
	(29, 'Soledad', 0, 2),
	(30, 'Urica', 0, 2),
	(31, 'Valle de Guanape', 0, 2),
	(43, 'Achaguas', 0, 3),
	(44, 'Biruaca', 0, 3),
	(45, 'Bruzual', 0, 3),
	(46, 'El Amparo', 0, 3),
	(47, 'El Nula', 0, 3),
	(48, 'Elorza', 0, 3),
	(49, 'Guasdualito', 0, 3),
	(50, 'Mantecal', 0, 3),
	(51, 'Puerto Páez', 0, 3),
	(52, 'San Fernando de Apure', 1, 3),
	(53, 'San Juan de Payara', 0, 3),
	(54, 'Barbacoas', 0, 4),
	(55, 'Cagua', 0, 4),
	(56, 'Camatagua', 0, 4),
	(58, 'Choroní', 0, 4),
	(59, 'Colonia Tovar', 0, 4),
	(60, 'El Consejo', 0, 4),
	(61, 'La Victoria', 0, 4),
	(62, 'Las Tejerías', 0, 4),
	(63, 'Magdaleno', 0, 4),
	(64, 'Maracay', 1, 4),
	(65, 'Ocumare de La Costa', 0, 4),
	(66, 'Palo Negro', 0, 4),
	(67, 'San Casimiro', 0, 4),
	(68, 'San Mateo', 0, 4),
	(69, 'San Sebastián', 0, 4),
	(70, 'Santa Cruz de Aragua', 0, 4),
	(71, 'Tocorón', 0, 4),
	(72, 'Turmero', 0, 4),
	(73, 'Villa de Cura', 0, 4),
	(74, 'Zuata', 0, 4),
	(75, 'Barinas', 1, 5),
	(76, 'Barinitas', 0, 5),
	(77, 'Barrancas', 0, 5),
	(78, 'Calderas', 0, 5),
	(79, 'Capitanejo', 0, 5),
	(80, 'City Bolivia', 0, 5),
	(81, 'El Cantón', 0, 5),
	(82, 'Las Veguitas', 0, 5),
	(83, 'Libertad de Barinas', 0, 5),
	(84, 'Sabaneta', 0, 5),
	(85, 'Santa Bárbara de Barinas', 0, 5),
	(86, 'Socopó', 0, 5),
	(87, 'Caicara del Orinoco', 0, 6),
	(88, 'Canaima', 0, 6),
	(89, 'City Bolívar', 1, 6),
	(90, 'City Piar', 0, 6),
	(91, 'El Callao', 0, 6),
	(92, 'El Dorado', 0, 6),
	(93, 'El Manteco', 0, 6),
	(94, 'El Palmar', 0, 6),
	(95, 'El Pao', 0, 6),
	(96, 'Guasipati', 0, 6),
	(97, 'Guri', 0, 6),
	(98, 'La Paragua', 0, 6),
	(99, 'Matanzas', 0, 6),
	(100, 'Puerto Ordaz', 0, 6),
	(101, 'San Félix', 0, 6),
	(102, 'Santa Elena de Uairén', 0, 6),
	(103, 'Tumeremo', 0, 6),
	(104, 'Unare', 0, 6),
	(105, 'Upata', 0, 6),
	(106, 'Bejuma', 0, 7),
	(107, 'Belén', 0, 7),
	(108, 'Campo de Carabobo', 0, 7),
	(109, 'Canoabo', 0, 7),
	(110, 'Central Tacarigua', 0, 7),
	(111, 'Chirgua', 0, 7),
	(112, 'City Alianza', 0, 7),
	(113, 'El Palito', 0, 7),
	(114, 'Guacara', 0, 7),
	(115, 'Guigue', 0, 7),
	(116, 'Las Trincheras', 0, 7),
	(117, 'Los Guayos', 0, 7),
	(118, 'Mariara', 0, 7),
	(119, 'Miranda', 0, 7),
	(120, 'Montalbán', 0, 7),
	(121, 'Morón', 0, 7),
	(122, 'Naguanagua', 0, 7),
	(123, 'Puerto Cabello', 0, 7),
	(124, 'San Joaquín', 0, 7),
	(125, 'Tocuyito', 0, 7),
	(126, 'Urama', 0, 7),
	(127, 'Valencia', 1, 7),
	(128, 'Vigirimita', 0, 7),
	(129, 'Aguirre', 0, 8),
	(130, 'Apartaderos Cojedes', 0, 8),
	(131, 'Arismendi', 0, 8),
	(132, 'Camuriquito', 0, 8),
	(133, 'El Baúl', 0, 8),
	(134, 'El Limón', 0, 8),
	(135, 'El Pao Cojedes', 0, 8),
	(136, 'El Socorro', 0, 8),
	(137, 'La Aguadita', 0, 8),
	(138, 'Las Vegas', 0, 8),
	(139, 'Libertad de Cojedes', 0, 8),
	(140, 'Mapuey', 0, 8),
	(141, 'Piñedo', 0, 8),
	(142, 'Samancito', 0, 8),
	(143, 'San Carlos', 1, 8),
	(144, 'Sucre', 0, 8),
	(145, 'Tinaco', 0, 8),
	(146, 'Tinaquillo', 0, 8),
	(147, 'Vallecito', 0, 8),
	(148, 'Tucupita', 1, 9),
	(149, 'Caracas', 1, 24),
	(150, 'El Junquito', 0, 24),
	(151, 'Adícora', 0, 10),
	(152, 'Boca de Aroa', 0, 10),
	(153, 'Cabure', 0, 10),
	(154, 'Capadare', 0, 10),
	(155, 'Capatárida', 0, 10),
	(156, 'Chichiriviche', 0, 10),
	(157, 'Churuguara', 0, 10),
	(158, 'Coro', 1, 10),
	(159, 'Cumarebo', 0, 10),
	(160, 'Dabajuro', 0, 10),
	(161, 'Judibana', 0, 10),
	(162, 'La Cruz de Taratara', 0, 10),
	(163, 'La Vela de Coro', 0, 10),
	(164, 'Los Taques', 0, 10),
	(165, 'Maparari', 0, 10),
	(166, 'Mene de Mauroa', 0, 10),
	(167, 'Mirimire', 0, 10),
	(168, 'Pedregal', 0, 10),
	(169, 'Píritu Falcón', 0, 10),
	(170, 'Pueblo Nuevo Falcón', 0, 10),
	(171, 'Puerto Cumarebo', 0, 10),
	(172, 'Punta Cardón', 0, 10),
	(173, 'Punto Fijo', 0, 10),
	(174, 'San Juan de Los Cayos', 0, 10),
	(175, 'San Luis', 0, 10),
	(176, 'Santa Ana Falcón', 0, 10),
	(177, 'Santa Cruz De Bucaral', 0, 10),
	(178, 'Tocopero', 0, 10),
	(179, 'Tocuyo de La Costa', 0, 10),
	(180, 'Tucacas', 0, 10),
	(181, 'Yaracal', 0, 10),
	(182, 'Altagracia de Orituco', 0, 11),
	(183, 'Cabruta', 0, 11),
	(184, 'Calabozo', 0, 11),
	(185, 'Camaguán', 0, 11),
	(196, 'Chaguaramas', 0, 11),
	(197, 'El Socorro', 0, 11),
	(198, 'El Sombrero', 0, 11),
	(199, 'Las Mercedes de Los Llanos', 0, 11),
	(200, 'Lezama', 0, 11),
	(201, 'Onoto', 0, 11),
	(202, 'Ortíz', 0, 11),
	(203, 'San José de Guaribe', 0, 11),
	(204, 'San Juan de Los Morros', 1, 11),
	(205, 'San Rafael de Laya', 0, 11),
	(206, 'Santa María de Ipire', 0, 11),
	(207, 'Tucupido', 0, 11),
	(208, 'Valle de La Pascua', 0, 11),
	(209, 'Zaraza', 0, 11),
	(210, 'Aguada Grande', 0, 12),
	(211, 'Atarigua', 0, 12),
	(212, 'Barquisimeto', 1, 12),
	(213, 'Bobare', 0, 12),
	(214, 'Cabudare', 0, 12),
	(215, 'Carora', 0, 12),
	(216, 'Cubiro', 0, 12),
	(217, 'Cují', 0, 12),
	(218, 'Duaca', 0, 12),
	(219, 'El Manzano', 0, 12),
	(220, 'El Tocuyo', 0, 12),
	(221, 'Guaríco', 0, 12),
	(222, 'Humocaro Alto', 0, 12),
	(223, 'Humocaro Bajo', 0, 12),
	(224, 'La Miel', 0, 12),
	(225, 'Moroturo', 0, 12),
	(226, 'Quíbor', 0, 12),
	(227, 'Río Claro', 0, 12),
	(228, 'Sanare', 0, 12),
	(229, 'Santa Inés', 0, 12),
	(230, 'Sarare', 0, 12),
	(231, 'Siquisique', 0, 12),
	(232, 'Tintorero', 0, 12),
	(233, 'Apartaderos Mérida', 0, 13),
	(234, 'Arapuey', 0, 13),
	(235, 'Bailadores', 0, 13),
	(236, 'Caja Seca', 0, 13),
	(237, 'Canaguá', 0, 13),
	(238, 'Chachopo', 0, 13),
	(239, 'Chiguara', 0, 13),
	(240, 'Ejido', 0, 13),
	(241, 'El Vigía', 0, 13),
	(242, 'La Azulita', 0, 13),
	(243, 'La Playa', 0, 13),
	(244, 'Lagunillas Mérida', 0, 13),
	(245, 'Mérida', 1, 13),
	(246, 'Mesa de Bolívar', 0, 13),
	(247, 'Mucuchíes', 0, 13),
	(248, 'Mucujepe', 0, 13),
	(249, 'Mucuruba', 0, 13),
	(250, 'Nueva Bolivia', 0, 13),
	(251, 'Palmarito', 0, 13),
	(252, 'Pueblo Llano', 0, 13),
	(253, 'Santa Cruz de Mora', 0, 13),
	(254, 'Santa Elena de Arenales', 0, 13),
	(255, 'Santo Domingo', 0, 13),
	(256, 'Tabáy', 0, 13),
	(257, 'Timotes', 0, 13),
	(258, 'Torondoy', 0, 13),
	(259, 'Tovar', 0, 13),
	(260, 'Tucani', 0, 13),
	(261, 'Zea', 0, 13),
	(262, 'Araguita', 0, 14),
	(263, 'Carrizal', 0, 14),
	(264, 'Caucagua', 0, 14),
	(265, 'Chaguaramas Miranda', 0, 14),
	(266, 'Charallave', 0, 14),
	(267, 'Chirimena', 0, 14),
	(268, 'Chuspa', 0, 14),
	(269, 'Cúa', 0, 14),
	(270, 'Cupira', 0, 14),
	(271, 'Curiepe', 0, 14),
	(272, 'El Guapo', 0, 14),
	(273, 'El Jarillo', 0, 14),
	(274, 'Filas de Mariche', 0, 14),
	(275, 'Guarenas', 0, 14),
	(276, 'Guatire', 0, 14),
	(277, 'Higuerote', 0, 14),
	(278, 'Los Anaucos', 0, 14),
	(279, 'Los Teques', 1, 14),
	(280, 'Ocumare del Tuy', 0, 14),
	(281, 'Panaquire', 0, 14),
	(282, 'Paracotos', 0, 14),
	(283, 'Río Chico', 0, 14),
	(284, 'San Antonio de Los Altos', 0, 14),
	(285, 'San Diego de Los Altos', 0, 14),
	(286, 'San Fernando del Guapo', 0, 14),
	(287, 'San Francisco de Yare', 0, 14),
	(288, 'San José de Los Altos', 0, 14),
	(289, 'San José de Río Chico', 0, 14),
	(290, 'San Pedro de Los Altos', 0, 14),
	(291, 'Santa Lucía', 0, 14),
	(292, 'Santa Teresa', 0, 14),
	(293, 'Tacarigua de La Laguna', 0, 14),
	(294, 'Tacarigua de Mamporal', 0, 14),
	(295, 'Tácata', 0, 14),
	(296, 'Turumo', 0, 14),
	(297, 'Aguasay', 0, 15),
	(298, 'Aragua de Maturín', 0, 15),
	(299, 'Barrancas del Orinoco', 0, 15),
	(300, 'Caicara de Maturín', 0, 15),
	(301, 'Caripe', 0, 15),
	(302, 'Caripito', 0, 15),
	(303, 'Chaguaramal', 0, 15),
	(305, 'Chaguaramas Monagas', 0, 15),
	(307, 'El Furrial', 0, 15),
	(308, 'El Tejero', 0, 15),
	(309, 'Jusepín', 0, 15),
	(310, 'La Toscana', 0, 15),
	(311, 'Maturín', 1, 15),
	(312, 'Miraflores', 0, 15),
	(313, 'Punta de Mata', 0, 15),
	(314, 'Quiriquire', 0, 15),
	(315, 'San Antonio de Maturín', 0, 15),
	(316, 'San Vicente Monagas', 0, 15),
	(317, 'Santa Bárbara', 0, 15),
	(318, 'Temblador', 0, 15),
	(319, 'Teresen', 0, 15),
	(320, 'Uracoa', 0, 15),
	(321, 'Altagracia', 0, 16),
	(322, 'Boca de Pozo', 0, 16),
	(323, 'Boca de Río', 0, 16),
	(324, 'El Espinal', 0, 16),
	(325, 'El Valle del Espíritu Santo', 0, 16),
	(326, 'El Yaque', 0, 16),
	(327, 'Juangriego', 0, 16),
	(328, 'La Asunción', 1, 16),
	(329, 'La Guardia', 0, 16),
	(330, 'Pampatar', 0, 16),
	(331, 'Porlamar', 0, 16),
	(332, 'Puerto Fermín', 0, 16),
	(333, 'Punta de Piedras', 0, 16),
	(334, 'San Francisco de Macanao', 0, 16),
	(335, 'San Juan Bautista', 0, 16),
	(336, 'San Pedro de Coche', 0, 16),
	(337, 'Santa Ana de Nueva Esparta', 0, 16),
	(338, 'Villa Rosa', 0, 16),
	(339, 'Acarigua', 0, 17),
	(340, 'Agua Blanca', 0, 17),
	(341, 'Araure', 0, 17),
	(342, 'Biscucuy', 0, 17),
	(343, 'Boconoito', 0, 17),
	(344, 'Campo Elías', 0, 17),
	(345, 'Chabasquén', 0, 17),
	(346, 'Guanare', 1, 17),
	(347, 'Guanarito', 0, 17),
	(348, 'La Aparición', 0, 17),
	(349, 'La Misión', 0, 17),
	(350, 'Mesa de Cavacas', 0, 17),
	(351, 'Ospino', 0, 17),
	(352, 'Papelón', 0, 17),
	(353, 'Payara', 0, 17),
	(354, 'Pimpinela', 0, 17),
	(355, 'Píritu de Portuguesa', 0, 17),
	(356, 'San Rafael de Onoto', 0, 17),
	(357, 'Santa Rosalía', 0, 17),
	(358, 'Turén', 0, 17),
	(359, 'Altos de Sucre', 0, 18),
	(360, 'Araya', 0, 18),
	(361, 'Cariaco', 0, 18),
	(362, 'Carúpano', 0, 18),
	(363, 'Casanay', 0, 18),
	(364, 'Cumaná', 1, 18),
	(365, 'Cumanacoa', 0, 18),
	(366, 'El Morro Puerto Santo', 0, 18),
	(367, 'El Pilar', 0, 18),
	(368, 'El Poblado', 0, 18),
	(369, 'Guaca', 0, 18),
	(370, 'Guiria', 0, 18),
	(371, 'Irapa', 0, 18),
	(372, 'Manicuare', 0, 18),
	(373, 'Mariguitar', 0, 18),
	(374, 'Río Caribe', 0, 18),
	(375, 'San Antonio del Golfo', 0, 18),
	(376, 'San José de Aerocuar', 0, 18),
	(377, 'San Vicente de Sucre', 0, 18),
	(378, 'Santa Fe de Sucre', 0, 18),
	(379, 'Tunapuy', 0, 18),
	(380, 'Yaguaraparo', 0, 18),
	(381, 'Yoco', 0, 18),
	(382, 'Abejales', 0, 19),
	(383, 'Borota', 0, 19),
	(384, 'Bramon', 0, 19),
	(385, 'Capacho', 0, 19),
	(386, 'Colón', 0, 19),
	(387, 'Coloncito', 0, 19),
	(388, 'Cordero', 0, 19),
	(389, 'El Cobre', 0, 19),
	(390, 'El Pinal', 0, 19),
	(391, 'Independencia', 0, 19),
	(392, 'La Fría', 0, 19),
	(393, 'La Grita', 0, 19),
	(394, 'La Pedrera', 0, 19),
	(395, 'La Tendida', 0, 19),
	(396, 'Las Delicias', 0, 19),
	(397, 'Las Hernández', 0, 19),
	(398, 'Lobatera', 0, 19),
	(399, 'Michelena', 0, 19),
	(400, 'Palmira', 0, 19),
	(401, 'Pregonero', 0, 19),
	(402, 'Queniquea', 0, 19),
	(403, 'Rubio', 0, 19),
	(404, 'San Antonio del Tachira', 0, 19),
	(405, 'San Cristobal', 1, 19),
	(406, 'San José de Bolívar', 0, 19),
	(407, 'San Josecito', 0, 19),
	(408, 'San Pedro del Río', 0, 19),
	(409, 'Santa Ana Táchira', 0, 19),
	(410, 'Seboruco', 0, 19),
	(411, 'Táriba', 0, 19),
	(412, 'Umuquena', 0, 19),
	(413, 'Ureña', 0, 19),
	(414, 'Batatal', 0, 20),
	(415, 'Betijoque', 0, 20),
	(416, 'Boconó', 0, 20),
	(417, 'Carache', 0, 20),
	(418, 'Chejende', 0, 20),
	(419, 'Cuicas', 0, 20),
	(420, 'El Dividive', 0, 20),
	(421, 'El Jaguito', 0, 20),
	(422, 'Escuque', 0, 20),
	(423, 'Isnotú', 0, 20),
	(424, 'Jajó', 0, 20),
	(425, 'La Ceiba', 0, 20),
	(426, 'La Concepción de Trujllo', 0, 20),
	(427, 'La Mesa de Esnujaque', 0, 20),
	(428, 'La Puerta', 0, 20),
	(429, 'La Quebrada', 0, 20),
	(430, 'Mendoza Fría', 0, 20),
	(431, 'Meseta de Chimpire', 0, 20),
	(432, 'Monay', 0, 20),
	(433, 'Motatán', 0, 20),
	(434, 'Pampán', 0, 20),
	(435, 'Pampanito', 0, 20),
	(436, 'Sabana de Mendoza', 0, 20),
	(437, 'San Lázaro', 0, 20),
	(438, 'Santa Ana de Trujillo', 0, 20),
	(439, 'Tostós', 0, 20),
	(440, 'Trujillo', 1, 20),
	(441, 'Valera', 0, 20),
	(442, 'Carayaca', 0, 21),
	(443, 'Litoral', 0, 21),
	(444, 'Archipiélago Los Roques', 0, 25),
	(445, 'Aroa', 0, 22),
	(446, 'Boraure', 0, 22),
	(447, 'Campo Elías de Yaracuy', 0, 22),
	(448, 'Chivacoa', 0, 22),
	(449, 'Cocorote', 0, 22),
	(450, 'Farriar', 0, 22),
	(451, 'Guama', 0, 22),
	(452, 'Marín', 0, 22),
	(453, 'Nirgua', 0, 22),
	(454, 'Sabana de Parra', 0, 22),
	(455, 'Salom', 0, 22),
	(456, 'San Felipe', 1, 22),
	(457, 'San Pablo de Yaracuy', 0, 22),
	(458, 'Urachiche', 0, 22),
	(459, 'Yaritagua', 0, 22),
	(460, 'Yumare', 0, 22),
	(461, 'Bachaquero', 0, 23),
	(462, 'Bobures', 0, 23),
	(463, 'Cabimas', 0, 23),
	(464, 'Campo Concepción', 0, 23),
	(465, 'Campo Mara', 0, 23),
	(466, 'Campo Rojo', 0, 23),
	(467, 'Carrasquero', 0, 23),
	(468, 'Casigua', 0, 23),
	(469, 'Chiquinquirá', 0, 23),
	(470, 'City Ojeda', 0, 23),
	(471, 'El Batey', 0, 23),
	(472, 'El Carmelo', 0, 23),
	(473, 'El Chivo', 0, 23),
	(474, 'El Guayabo', 0, 23),
	(475, 'El Mene', 0, 23),
	(476, 'El Venado', 0, 23),
	(477, 'Encontrados', 0, 23),
	(478, 'Gibraltar', 0, 23),
	(479, 'Isla de Toas', 0, 23),
	(480, 'La Concepción del Zulia', 0, 23),
	(481, 'La Paz', 0, 23),
	(482, 'La Sierrita', 0, 23),
	(483, 'Lagunillas del Zulia', 0, 23),
	(484, 'Las Piedras de Perijá', 0, 23),
	(485, 'Los Cortijos', 0, 23),
	(486, 'Machiques', 0, 23),
	(487, 'Maracaibo', 1, 23),
	(488, 'Mene Grande', 0, 23),
	(489, 'Palmarejo', 0, 23),
	(490, 'Paraguaipoa', 0, 23),
	(491, 'Potrerito', 0, 23),
	(492, 'Pueblo Nuevo del Zulia', 0, 23),
	(493, 'Puertos de Altagracia', 0, 23),
	(494, 'Punta Gorda', 0, 23),
	(495, 'Sabaneta de Palma', 0, 23),
	(496, 'San Francisco', 0, 23),
	(497, 'San José de Perijá', 0, 23),
	(498, 'San Rafael del Moján', 0, 23),
	(499, 'San Timoteo', 0, 23),
	(500, 'Santa Bárbara Del Zulia', 0, 23),
	(501, 'Santa Cruz de Mara', 0, 23),
	(502, 'Santa Cruz del Zulia', 0, 23),
	(503, 'Santa Rita', 0, 23),
	(504, 'Sinamaica', 0, 23),
	(505, 'Tamare', 0, 23),
	(506, 'Tía Juana', 0, 23),
	(507, 'Villa del Rosario', 0, 23),
	(508, 'La Guaira', 1, 21),
	(509, 'Catia La Mar', 0, 21),
	(510, 'Macuto', 0, 21),
	(511, 'Naiguatá', 0, 21),
	(512, 'Archipiélago Los Monjes', 0, 25),
	(513, 'Isla La Tortuga y Cayos adyacentes', 0, 25),
	(514, 'Isla La Sola', 0, 25),
	(515, 'Islas Los Testigos', 0, 25),
	(516, 'Islas Los Frailes', 0, 25),
	(517, 'Isla La Orchila', 0, 25),
	(518, 'Archipiélago Las Aves', 0, 25),
	(519, 'Isla de Aves', 0, 25),
	(520, 'Isla La Blanquilla', 0, 25),
	(521, 'Isla de Patos', 0, 25),
	(522, 'Islas Los Hermanos', 0, 25);

-- Volcando estructura para tabla spc.color_zones
CREATE TABLE IF NOT EXISTS `color_zones` (
  `id` bigint unsigned NOT NULL AUTO_INCREMENT,
  `name` varchar(255) COLLATE utf8mb4_unicode_ci NOT NULL,
  `color` varchar(255) COLLATE utf8mb4_unicode_ci DEFAULT NULL,
  `fixed_value` decimal(12,2) NOT NULL DEFAULT '0.00',
  `percentage_value` decimal(12,2) NOT NULL DEFAULT '0.00',
  `created_at` timestamp NULL DEFAULT NULL,
  `updated_at` timestamp NULL DEFAULT NULL,
  PRIMARY KEY (`id`)
) ENGINE=InnoDB AUTO_INCREMENT=5 DEFAULT CHARSET=utf8mb4 COLLATE=utf8mb4_unicode_ci;

-- Volcando datos para la tabla spc.color_zones: ~3 rows (aproximadamente)
INSERT IGNORE INTO `color_zones` (`id`, `name`, `color`, `fixed_value`, `percentage_value`, `created_at`, `updated_at`) VALUES
	(1, 'Amarillo', '#fbcf33', 500.00, 3.00, '2023-01-27 16:21:47', '2023-01-27 16:21:47'),
	(2, 'Azul', '#596cff', 400.00, 2.00, '2023-01-27 16:21:47', '2023-01-27 16:21:47'),
	(4, 'naranja', '#ff8040', 200.00, 5.00, '2023-01-30 15:27:44', '2023-01-30 15:27:44');

-- Volcando estructura para tabla spc.commision_sellers
CREATE TABLE IF NOT EXISTS `commision_sellers` (
  `id` bigint unsigned NOT NULL AUTO_INCREMENT,
  `generated_on` date DEFAULT NULL,
  `seller` json NOT NULL,
  `bonuses` json DEFAULT NULL,
  `total_bonuses` decimal(12,2) NOT NULL DEFAULT '0.00',
  `orders` json DEFAULT NULL,
  `total_orders` decimal(12,2) NOT NULL DEFAULT '0.00',
  `commission_percentage` decimal(12,2) NOT NULL DEFAULT '0.00',
  `total_commission` decimal(12,2) NOT NULL DEFAULT '0.00',
  `total` decimal(12,2) NOT NULL DEFAULT '0.00',
  `total_in_letters` varchar(191) COLLATE utf8mb4_unicode_ci DEFAULT NULL,
  `commission_id` bigint unsigned NOT NULL,
  `seller_id` bigint unsigned NOT NULL,
  `created_at` timestamp NULL DEFAULT NULL,
  `updated_at` timestamp NULL DEFAULT NULL,
  `deleted_at` timestamp NULL DEFAULT NULL,
  PRIMARY KEY (`id`),
  KEY `commision_sellers_commission_id_foreign` (`commission_id`),
  KEY `commision_sellers_seller_id_foreign` (`seller_id`),
  CONSTRAINT `commision_sellers_commission_id_foreign` FOREIGN KEY (`commission_id`) REFERENCES `commissions` (`id`) ON DELETE CASCADE,
  CONSTRAINT `commision_sellers_seller_id_foreign` FOREIGN KEY (`seller_id`) REFERENCES `sellers` (`id`)
) ENGINE=InnoDB DEFAULT CHARSET=utf8mb4 COLLATE=utf8mb4_unicode_ci;

-- Volcando datos para la tabla spc.commision_sellers: ~0 rows (aproximadamente)

-- Volcando estructura para tabla spc.commissions
CREATE TABLE IF NOT EXISTS `commissions` (
  `id` bigint unsigned NOT NULL AUTO_INCREMENT,
  `uuid` char(36) COLLATE utf8mb4_unicode_ci NOT NULL,
  `from` date DEFAULT NULL,
  `to` date DEFAULT NULL,
  `commission_percentage` decimal(12,2) NOT NULL DEFAULT '0.00',
  `total_commissions` decimal(12,2) NOT NULL DEFAULT '0.00',
  `total_bonuses` decimal(12,2) NOT NULL DEFAULT '0.00',
  `total` decimal(12,2) NOT NULL DEFAULT '0.00',
  `total_in_letters` varchar(191) COLLATE utf8mb4_unicode_ci DEFAULT NULL,
  `user_id` bigint unsigned NOT NULL,
  `created_at` timestamp NULL DEFAULT NULL,
  `updated_at` timestamp NULL DEFAULT NULL,
  `deleted_at` timestamp NULL DEFAULT NULL,
  PRIMARY KEY (`id`),
  KEY `commissions_user_id_foreign` (`user_id`),
  CONSTRAINT `commissions_user_id_foreign` FOREIGN KEY (`user_id`) REFERENCES `users` (`id`)
) ENGINE=InnoDB DEFAULT CHARSET=utf8mb4 COLLATE=utf8mb4_unicode_ci;

-- Volcando datos para la tabla spc.commissions: ~0 rows (aproximadamente)

-- Volcando estructura para tabla spc.credits
CREATE TABLE IF NOT EXISTS `credits` (
  `id` bigint unsigned NOT NULL AUTO_INCREMENT,
  `uuid` char(36) COLLATE utf8mb4_unicode_ci NOT NULL,
  `customer` json NOT NULL,
  `items` json NOT NULL,
  `taxes` json NOT NULL,
  `discounts` json DEFAULT NULL,
  `seller` json NOT NULL,
  `subtotal` decimal(12,2) NOT NULL,
  `total_discount` decimal(12,2) DEFAULT NULL,
  `taxable_income` decimal(12,2) DEFAULT NULL,
  `tax_percentage` decimal(12,2) NOT NULL DEFAULT '16.00',
  `total_tax` decimal(12,2) DEFAULT NULL,
  `total` decimal(12,2) NOT NULL,
  `total_usd` decimal(12,2) NOT NULL,
  `rate` decimal(12,2) NOT NULL,
  `customer_id` bigint unsigned NOT NULL,
  `user_id` bigint unsigned NOT NULL,
  `order_id` bigint unsigned NOT NULL,
  `isPaid` tinyint(1) NOT NULL DEFAULT '0',
  `created_at` timestamp NULL DEFAULT NULL,
  `updated_at` timestamp NULL DEFAULT NULL,
  PRIMARY KEY (`id`),
  KEY `credits_customer_id_foreign` (`customer_id`),
  KEY `credits_user_id_foreign` (`user_id`),
  KEY `credits_order_id_foreign` (`order_id`),
  CONSTRAINT `credits_customer_id_foreign` FOREIGN KEY (`customer_id`) REFERENCES `people` (`id`),
  CONSTRAINT `credits_order_id_foreign` FOREIGN KEY (`order_id`) REFERENCES `orders` (`id`),
  CONSTRAINT `credits_user_id_foreign` FOREIGN KEY (`user_id`) REFERENCES `users` (`id`)
) ENGINE=InnoDB DEFAULT CHARSET=utf8mb4 COLLATE=utf8mb4_unicode_ci;

-- Volcando datos para la tabla spc.credits: ~0 rows (aproximadamente)

-- Volcando estructura para tabla spc.credit_notes
CREATE TABLE IF NOT EXISTS `credit_notes` (
  `id` bigint unsigned NOT NULL AUTO_INCREMENT,
  `document_number` int unsigned NOT NULL,
  `pdf` varchar(255) COLLATE utf8mb4_unicode_ci DEFAULT NULL,
  `date_of_issue` date NOT NULL,
  `date_of_due` date NOT NULL,
  `credit_id` bigint unsigned NOT NULL,
  `invoice_id` bigint unsigned NOT NULL,
  `created_at` timestamp NULL DEFAULT NULL,
  `updated_at` timestamp NULL DEFAULT NULL,
  `deleted_at` timestamp NULL DEFAULT NULL,
  PRIMARY KEY (`id`),
  UNIQUE KEY `credit_notes_document_number_unique` (`document_number`),
  KEY `credit_notes_credit_id_foreign` (`credit_id`),
  KEY `credit_notes_invoice_id_foreign` (`invoice_id`),
  CONSTRAINT `credit_notes_credit_id_foreign` FOREIGN KEY (`credit_id`) REFERENCES `credits` (`id`) ON DELETE CASCADE,
  CONSTRAINT `credit_notes_invoice_id_foreign` FOREIGN KEY (`invoice_id`) REFERENCES `invoices` (`id`)
) ENGINE=InnoDB DEFAULT CHARSET=utf8mb4 COLLATE=utf8mb4_unicode_ci;

-- Volcando datos para la tabla spc.credit_notes: ~0 rows (aproximadamente)

-- Volcando estructura para tabla spc.currencies
CREATE TABLE IF NOT EXISTS `currencies` (
  `id` char(10) COLLATE utf8mb4_unicode_ci NOT NULL,
  `name` varchar(191) COLLATE utf8mb4_unicode_ci DEFAULT NULL,
  `symbol` varchar(191) COLLATE utf8mb4_unicode_ci DEFAULT NULL,
  `active` tinyint(1) NOT NULL DEFAULT '0',
  KEY `currencies_id_index` (`id`)
) ENGINE=InnoDB DEFAULT CHARSET=utf8mb4 COLLATE=utf8mb4_unicode_ci;

-- Volcando datos para la tabla spc.currencies: ~2 rows (aproximadamente)
INSERT IGNORE INTO `currencies` (`id`, `name`, `symbol`, `active`) VALUES
	('USD', 'Dólares Americanos', '$', 1),
	('VEF', 'Bolivares', 'BS', 1);

-- Volcando estructura para tabla spc.departments
CREATE TABLE IF NOT EXISTS `departments` (
  `id` bigint unsigned NOT NULL AUTO_INCREMENT,
  `name` varchar(191) COLLATE utf8mb4_unicode_ci NOT NULL,
  PRIMARY KEY (`id`)
) ENGINE=InnoDB AUTO_INCREMENT=7 DEFAULT CHARSET=utf8mb4 COLLATE=utf8mb4_unicode_ci;

-- Volcando datos para la tabla spc.departments: ~6 rows (aproximadamente)
INSERT IGNORE INTO `departments` (`id`, `name`) VALUES
	(1, 'Almacén'),
	(2, 'Despacho'),
	(3, 'Administración'),
	(4, 'Ventas'),
	(5, 'Contabilidad'),
	(6, 'Gerencia');

-- Volcando estructura para tabla spc.discounts
CREATE TABLE IF NOT EXISTS `discounts` (
  `id` bigint unsigned NOT NULL AUTO_INCREMENT,
  `description` varchar(255) COLLATE utf8mb4_unicode_ci NOT NULL,
  `percentage` decimal(5,2) NOT NULL,
  `value` decimal(12,2) DEFAULT NULL,
  `discountable_type` varchar(255) COLLATE utf8mb4_unicode_ci DEFAULT NULL,
  `discountable_id` bigint unsigned DEFAULT NULL,
  `type` varchar(255) COLLATE utf8mb4_unicode_ci NOT NULL DEFAULT 'document',
  `created_at` timestamp NULL DEFAULT NULL,
  `updated_at` timestamp NULL DEFAULT NULL,
  `deleted_at` timestamp NULL DEFAULT NULL,
  PRIMARY KEY (`id`),
  KEY `discounts_discountable_type_discountable_id_index` (`discountable_type`,`discountable_id`)
) ENGINE=InnoDB AUTO_INCREMENT=36 DEFAULT CHARSET=utf8mb4 COLLATE=utf8mb4_unicode_ci;

-- Volcando datos para la tabla spc.discounts: ~31 rows (aproximadamente)
INSERT IGNORE INTO `discounts` (`id`, `description`, `percentage`, `value`, `discountable_type`, `discountable_id`, `type`, `created_at`, `updated_at`, `deleted_at`) VALUES
	(1, 'Descuento por nota', 7.00, NULL, NULL, NULL, 'document', '2023-01-13 15:06:23', '2023-01-20 14:58:03', NULL),
	(2, 'Descuento por pronto pago', 5.00, NULL, NULL, NULL, 'payment', '2023-01-13 15:06:23', '2023-01-13 15:06:23', NULL),
	(3, 'officiis', 45.00, NULL, 'App\\Models\\People', 3, 'client', '2023-01-13 15:06:23', '2023-01-13 15:06:23', NULL),
	(4, 'debitis', 46.00, NULL, 'App\\Models\\People', 7, 'client', '2023-01-13 15:06:23', '2023-01-13 15:06:23', NULL),
	(5, 'necessitatibus', 39.00, NULL, 'App\\Models\\People', 3, 'client', '2023-01-13 15:06:23', '2023-01-13 15:06:23', NULL),
	(6, 'rerum', 25.00, NULL, 'App\\Models\\People', 6, 'client', '2023-01-13 15:06:23', '2023-01-13 15:06:23', NULL),
	(10, 'similique', 25.00, NULL, 'App\\Models\\People', 7, 'client', '2023-01-13 15:06:23', '2023-01-13 15:06:23', NULL),
	(11, 'accusamus', 38.00, NULL, 'App\\Models\\People', 2, 'client', '2023-01-13 15:06:23', '2023-01-13 15:06:23', NULL),
	(13, 'Descuento por volumen', 8.00, NULL, 'App\\Models\\Product', 1, 'product', '2023-01-13 15:06:23', '2023-01-13 15:06:23', NULL),
	(14, 'Descuento por volumen', 7.00, NULL, 'App\\Models\\Product', 2, 'product', '2023-01-13 15:06:23', '2023-01-13 15:06:23', NULL),
	(15, 'Descuento por volumen', 9.00, NULL, 'App\\Models\\Product', 3, 'product', '2023-01-13 15:06:23', '2023-01-13 15:06:23', NULL),
	(16, 'Descuento por volumen', 11.00, NULL, 'App\\Models\\Product', 4, 'product', '2023-01-13 15:06:23', '2023-01-13 15:06:23', NULL),
	(17, 'Descuento por nota', 7.00, 6955.20, 'App\\Models\\Order', 1, 'document', '2023-01-18 19:24:15', '2023-01-18 19:24:15', NULL),
	(18, 'Descuento por pronto pago', 5.00, 4968.00, 'App\\Models\\Order', 1, 'payment', '2023-01-18 19:24:15', '2023-02-07 19:26:42', '2023-02-07 19:26:42'),
	(19, 'Descuento por nota', 7.00, 1063.92, 'App\\Models\\Order', 2, 'document', '2023-01-18 19:36:05', '2023-01-18 19:36:05', NULL),
	(20, 'Descuento por pronto pago', 5.00, 759.94, 'App\\Models\\Order', 2, 'payment', '2023-01-18 19:36:05', '2023-01-18 19:36:05', NULL),
	(21, 'Descuento por nota', 7.00, 833.00, 'App\\Models\\Order', 3, 'document', '2023-01-19 18:03:14', '2023-01-19 18:03:14', NULL),
	(22, 'Descuento por pronto pago', 5.00, 595.00, 'App\\Models\\Order', 3, 'payment', '2023-01-19 18:03:14', '2023-01-19 18:03:14', NULL),
	(23, 'Descuento por nota', 7.00, 3215.33, 'App\\Models\\Order', 4, 'document', '2023-01-20 15:10:07', '2023-01-20 15:10:07', NULL),
	(24, 'Descuento por pronto pago', 5.00, 2296.66, 'App\\Models\\Order', 4, 'payment', '2023-01-20 15:10:07', '2023-02-07 18:32:56', '2023-02-07 18:32:56'),
	(25, 'accusamus', 38.00, 17454.65, 'App\\Models\\Order', 4, 'client', '2023-01-20 15:10:07', '2023-01-20 15:10:07', NULL),
	(26, 'Descuento por nota', 7.00, 11543.31, 'App\\Models\\Order', 5, 'document', '2023-01-23 14:37:12', '2023-01-23 14:37:12', NULL),
	(27, 'Descuento por pronto pago', 5.00, 8245.22, 'App\\Models\\Order', 5, 'payment', '2023-01-23 14:37:12', '2023-01-23 14:37:12', NULL),
	(28, 'officiis', 45.00, 74207.01, 'App\\Models\\Order', 5, 'client', '2023-01-23 14:37:12', '2023-01-23 14:37:12', NULL),
	(29, 'Descuento por nota', 7.00, 1231.65, 'App\\Models\\Order', 6, 'document', '2023-01-23 15:31:02', '2023-01-23 15:31:02', NULL),
	(30, 'Descuento por pronto pago', 5.00, 879.75, 'App\\Models\\Order', 6, 'payment', '2023-01-23 15:31:02', '2023-01-23 20:17:40', '2023-01-23 20:17:40'),
	(31, 'accusamus', 38.00, 6686.10, 'App\\Models\\Order', 6, 'client', '2023-01-23 15:31:02', '2023-01-23 15:31:02', NULL),
	(32, 'accusamus', 38.00, 778.73, 'App\\Models\\Order', 7, 'order', '2023-01-24 17:34:32', '2023-01-24 17:34:32', NULL),
	(33, 'Descuento por pronto pago', 5.00, 136.62, 'App\\Models\\Order', 8, 'payment', '2023-01-24 17:44:07', '2023-01-24 20:08:11', '2023-01-24 20:08:11'),
	(34, 'accusamus', 38.00, 1038.31, 'App\\Models\\Order', 8, 'client', '2023-01-24 17:44:07', '2023-01-24 17:44:07', NULL),
	(35, 'Descuento por pronto pago', 5.00, 759.94, 'App\\Models\\Order', 9, 'payment', '2023-01-25 15:04:34', '2023-01-25 18:11:31', '2023-01-25 18:11:31');

-- Volcando estructura para tabla spc.dispatches
CREATE TABLE IF NOT EXISTS `dispatches` (
  `id` bigint unsigned NOT NULL AUTO_INCREMENT,
  `delivered_at` timestamp NOT NULL,
  `delivered_by` json NOT NULL,
  `orders` json NOT NULL,
  `notes_pdf` varchar(255) COLLATE utf8mb4_unicode_ci DEFAULT NULL,
  `relation` varchar(255) COLLATE utf8mb4_unicode_ci DEFAULT NULL,
  `carrier_id` bigint unsigned NOT NULL,
  `shipment_id` bigint unsigned NOT NULL,
  `date_of_dispatch` date NOT NULL,
  `created_at` timestamp NULL DEFAULT NULL,
  `updated_at` timestamp NULL DEFAULT NULL,
  PRIMARY KEY (`id`),
  KEY `dispatches_carrier_id_foreign` (`carrier_id`),
  KEY `dispatches_shipment_id_foreign` (`shipment_id`),
  CONSTRAINT `dispatches_carrier_id_foreign` FOREIGN KEY (`carrier_id`) REFERENCES `carriers` (`id`),
  CONSTRAINT `dispatches_shipment_id_foreign` FOREIGN KEY (`shipment_id`) REFERENCES `shipments` (`id`)
) ENGINE=InnoDB DEFAULT CHARSET=utf8mb4 COLLATE=utf8mb4_unicode_ci;

-- Volcando datos para la tabla spc.dispatches: ~0 rows (aproximadamente)

-- Volcando estructura para tabla spc.document_types
CREATE TABLE IF NOT EXISTS `document_types` (
  `id` char(8) COLLATE utf8mb4_unicode_ci NOT NULL,
  `short` varchar(255) COLLATE utf8mb4_unicode_ci DEFAULT NULL,
  `name` varchar(255) COLLATE utf8mb4_unicode_ci NOT NULL,
  `tax` tinyint(1) NOT NULL,
  `active` tinyint(1) NOT NULL,
  KEY `document_types_id_index` (`id`)
) ENGINE=InnoDB DEFAULT CHARSET=utf8mb4 COLLATE=utf8mb4_unicode_ci;

-- Volcando datos para la tabla spc.document_types: ~6 rows (aproximadamente)
INSERT IGNORE INTO `document_types` (`id`, `short`, `name`, `tax`, `active`) VALUES
	('01', 'FAC', 'FACTURA', 1, 1),
	('02', 'N', 'NOTA', 0, 1),
	('03', 'NU', 'NOTA EN USD', 0, 1),
	('04', 'NC', 'NOTA CREDITO', 1, 0),
	('05', 'ND', 'NOTA DEBITO', 1, 0),
	('06', 'AC', 'AJUSTE CONTABLE', 1, 0);

-- Volcando estructura para tabla spc.employees
CREATE TABLE IF NOT EXISTS `employees` (
  `id` bigint unsigned NOT NULL AUTO_INCREMENT,
  `uuid` char(36) COLLATE utf8mb4_unicode_ci DEFAULT NULL,
  `sheet_number` int unsigned DEFAULT NULL,
  `date_entry` date DEFAULT NULL,
  `job_title` varchar(191) COLLATE utf8mb4_unicode_ci DEFAULT NULL,
  `monthly_assigned_salary` decimal(12,2) NOT NULL,
  `income_condition` enum('fijo','variable') COLLATE utf8mb4_unicode_ci NOT NULL DEFAULT 'fijo',
  `payment_frequency` enum('semanal','quincenal','mensual') COLLATE utf8mb4_unicode_ci NOT NULL DEFAULT 'quincenal',
  `user_id` bigint unsigned NOT NULL,
  `department_id` bigint unsigned NOT NULL,
  `created_at` timestamp NULL DEFAULT NULL,
  `updated_at` timestamp NULL DEFAULT NULL,
  `deleted_at` timestamp NULL DEFAULT NULL,
  PRIMARY KEY (`id`),
  KEY `employees_user_id_foreign` (`user_id`),
  KEY `employees_department_id_foreign` (`department_id`),
  CONSTRAINT `employees_department_id_foreign` FOREIGN KEY (`department_id`) REFERENCES `departments` (`id`),
  CONSTRAINT `employees_user_id_foreign` FOREIGN KEY (`user_id`) REFERENCES `users` (`id`)
) ENGINE=InnoDB AUTO_INCREMENT=4 DEFAULT CHARSET=utf8mb4 COLLATE=utf8mb4_unicode_ci;

-- Volcando datos para la tabla spc.employees: ~3 rows (aproximadamente)
INSERT IGNORE INTO `employees` (`id`, `uuid`, `sheet_number`, `date_entry`, `job_title`, `monthly_assigned_salary`, `income_condition`, `payment_frequency`, `user_id`, `department_id`, `created_at`, `updated_at`, `deleted_at`) VALUES
	(1, 'd7c13970-9353-11ed-bb6d-222b2004cae1', 8, '2016-06-29', 'omnis', 305.06, 'fijo', 'semanal', 11, 3, '2023-01-13 15:06:22', '2023-01-13 15:06:22', NULL),
	(2, 'd7c1eece-9353-11ed-b95a-222b2004cae1', 9, '2019-12-30', 'voluptatem', 603.27, 'variable', 'semanal', 12, 5, '2023-01-13 15:06:22', '2023-01-13 15:06:22', NULL),
	(3, 'd7c266c4-9353-11ed-843b-222b2004cae1', 9, '2019-10-18', 'et', 970.85, 'fijo', 'semanal', 13, 2, '2023-01-13 15:06:22', '2023-01-13 15:06:22', NULL);

-- Volcando estructura para tabla spc.expenses
CREATE TABLE IF NOT EXISTS `expenses` (
  `id` bigint unsigned NOT NULL AUTO_INCREMENT,
  `uuid` char(36) COLLATE utf8mb4_unicode_ci NOT NULL,
  `state_type_id` char(2) COLLATE utf8mb4_unicode_ci NOT NULL,
  `document_type_id` char(8) COLLATE utf8mb4_unicode_ci NOT NULL,
  `control_number` varchar(255) COLLATE utf8mb4_unicode_ci NOT NULL,
  `document_number` varchar(255) COLLATE utf8mb4_unicode_ci NOT NULL,
  `date_of_issue` date NOT NULL,
  `date_of_due` date NOT NULL,
  `date_document` date NOT NULL,
  `supplier` json NOT NULL,
  `subtotal` decimal(12,2) NOT NULL,
  `total_exempt` decimal(12,2) NOT NULL,
  `taxable_income` decimal(12,2) NOT NULL,
  `tax_percentage` decimal(12,2) NOT NULL,
  `tax` decimal(12,2) NOT NULL,
  `total` decimal(12,2) NOT NULL,
  `total_usd` decimal(12,2) NOT NULL,
  `rate` decimal(12,2) NOT NULL,
  `supplier_id` bigint unsigned NOT NULL,
  `user_id` bigint unsigned NOT NULL,
  `expense_types_id` bigint unsigned NOT NULL,
  `created_at` timestamp NULL DEFAULT NULL,
  `updated_at` timestamp NULL DEFAULT NULL,
  `deleted_at` timestamp NULL DEFAULT NULL,
  PRIMARY KEY (`id`),
  KEY `expenses_supplier_id_foreign` (`supplier_id`),
  KEY `expenses_user_id_foreign` (`user_id`),
  KEY `expenses_expense_types_id_foreign` (`expense_types_id`),
  KEY `expenses_document_type_id_foreign` (`document_type_id`),
  KEY `expenses_state_type_id_foreign` (`state_type_id`),
  CONSTRAINT `expenses_document_type_id_foreign` FOREIGN KEY (`document_type_id`) REFERENCES `document_types` (`id`),
  CONSTRAINT `expenses_expense_types_id_foreign` FOREIGN KEY (`expense_types_id`) REFERENCES `expense_types` (`id`),
  CONSTRAINT `expenses_state_type_id_foreign` FOREIGN KEY (`state_type_id`) REFERENCES `state_types` (`id`),
  CONSTRAINT `expenses_supplier_id_foreign` FOREIGN KEY (`supplier_id`) REFERENCES `people` (`id`),
  CONSTRAINT `expenses_user_id_foreign` FOREIGN KEY (`user_id`) REFERENCES `users` (`id`)
) ENGINE=InnoDB AUTO_INCREMENT=3 DEFAULT CHARSET=utf8mb4 COLLATE=utf8mb4_unicode_ci;

-- Volcando datos para la tabla spc.expenses: ~2 rows (aproximadamente)
INSERT IGNORE INTO `expenses` (`id`, `uuid`, `state_type_id`, `document_type_id`, `control_number`, `document_number`, `date_of_issue`, `date_of_due`, `date_document`, `supplier`, `subtotal`, `total_exempt`, `taxable_income`, `tax_percentage`, `tax`, `total`, `total_usd`, `rate`, `supplier_id`, `user_id`, `expense_types_id`, `created_at`, `updated_at`, `deleted_at`) VALUES
	(1, 'da09710a-a97b-11ed-afdc-222b2004cae1', '04', '02', '00-00001245', '00004785', '2023-02-10', '2023-02-10', '2023-02-09', '{"uuid": "db8baef0-9353-11ed-9bd6-222b2004cae1", "email": "requena.inmaculada@example.net", "phone": "+376216854648", "address": "Ruela Cristina, 9, Bajos, 15307, L\' Cadena de Arriba", "contact": {"name": "Sara Sola", "email": "guillermo88@example.net", "phone": "+50950074309"}, "number_id": "V-30494152", "trade_name": "Future-proofed analyzing opensystem", "people_type": "Interno"}', 69420.00, 0.00, 69420.00, 16.00, 11107.20, 80527.20, 3480.00, 23.14, 31, 1, 4, '2023-02-10 19:48:12', '2023-02-10 19:48:12', NULL),
	(2, '1fabd180-a97c-11ed-94bd-222b2004cae1', '04', '02', '000-253689', '00012457', '2023-02-10', '2023-02-10', '2023-02-09', '{"uuid": "db8da23c-9353-11ed-b061-222b2004cae1", "email": "alicia.vega@example.net", "phone": "+6807021435", "address": "Calle Blanca, 65, 6º E, 32913, Mata del Pozo", "contact": {"name": "Alexandra Martí", "email": "africa38@example.org", "phone": "+5014509726"}, "number_id": "V-81619795", "trade_name": "Horizontal mobile processimprovement", "people_type": "Interno"}', 100.00, 0.00, 100.00, 16.00, 16.00, 116.00, 5.01, 23.14, 36, 1, 3, '2023-02-10 19:50:09', '2023-02-10 19:50:09', NULL);

-- Volcando estructura para tabla spc.expense_items
CREATE TABLE IF NOT EXISTS `expense_items` (
  `id` bigint unsigned NOT NULL AUTO_INCREMENT,
  `item` mediumtext COLLATE utf8mb4_unicode_ci NOT NULL,
  `currency_type_id` char(10) COLLATE utf8mb4_unicode_ci NOT NULL,
  `total` decimal(12,2) NOT NULL,
  `is_exempt` tinyint(1) NOT NULL DEFAULT '0',
  `expense_id` bigint unsigned NOT NULL,
  `created_at` timestamp NULL DEFAULT NULL,
  `updated_at` timestamp NULL DEFAULT NULL,
  PRIMARY KEY (`id`),
  KEY `expense_items_expense_id_foreign` (`expense_id`),
  KEY `expense_items_currency_type_id_foreign` (`currency_type_id`),
  CONSTRAINT `expense_items_currency_type_id_foreign` FOREIGN KEY (`currency_type_id`) REFERENCES `currencies` (`id`),
  CONSTRAINT `expense_items_expense_id_foreign` FOREIGN KEY (`expense_id`) REFERENCES `expenses` (`id`)
) ENGINE=InnoDB AUTO_INCREMENT=5 DEFAULT CHARSET=utf8mb4 COLLATE=utf8mb4_unicode_ci;

-- Volcando datos para la tabla spc.expense_items: ~4 rows (aproximadamente)
INSERT IGNORE INTO `expense_items` (`id`, `item`, `currency_type_id`, `total`, `is_exempt`, `expense_id`, `created_at`, `updated_at`) VALUES
	(1, 'compra de servidores qty -3', 'VEF', 69420.00, 0, 1, '2023-02-10 19:48:12', '2023-02-10 19:48:12'),
	(2, 'desinfectantes floral', 'VEF', 50.00, 0, 2, '2023-02-10 19:50:09', '2023-02-10 19:50:09'),
	(3, 'cloro', 'VEF', 30.00, 0, 2, '2023-02-10 19:50:09', '2023-02-10 19:50:09'),
	(4, 'escoba', 'VEF', 20.00, 0, 2, '2023-02-10 19:50:09', '2023-02-10 19:50:09');

-- Volcando estructura para tabla spc.expense_taxes
CREATE TABLE IF NOT EXISTS `expense_taxes` (
  `id` bigint unsigned NOT NULL AUTO_INCREMENT,
  `taxe_id` char(4) COLLATE utf8mb4_unicode_ci NOT NULL,
  `percentage` decimal(5,2) NOT NULL,
  `value` decimal(12,2) NOT NULL,
  `expense_id` bigint unsigned NOT NULL,
  `created_at` timestamp NULL DEFAULT NULL,
  `updated_at` timestamp NULL DEFAULT NULL,
  PRIMARY KEY (`id`),
  KEY `expense_taxes_expense_id_foreign` (`expense_id`),
  KEY `expense_taxes_taxe_id_foreign` (`taxe_id`),
  CONSTRAINT `expense_taxes_expense_id_foreign` FOREIGN KEY (`expense_id`) REFERENCES `expenses` (`id`) ON DELETE CASCADE,
  CONSTRAINT `expense_taxes_taxe_id_foreign` FOREIGN KEY (`taxe_id`) REFERENCES `taxes` (`id`)
) ENGINE=InnoDB AUTO_INCREMENT=3 DEFAULT CHARSET=utf8mb4 COLLATE=utf8mb4_unicode_ci;

-- Volcando datos para la tabla spc.expense_taxes: ~2 rows (aproximadamente)
INSERT IGNORE INTO `expense_taxes` (`id`, `taxe_id`, `percentage`, `value`, `expense_id`, `created_at`, `updated_at`) VALUES
	(1, '01', 16.00, 11107.20, 1, '2023-02-10 19:48:12', '2023-02-10 19:48:12'),
	(2, '01', 16.00, 16.00, 2, '2023-02-10 19:50:09', '2023-02-10 19:50:09');

-- Volcando estructura para tabla spc.expense_types
CREATE TABLE IF NOT EXISTS `expense_types` (
  `id` bigint unsigned NOT NULL AUTO_INCREMENT,
  `description` varchar(100) COLLATE utf8mb4_unicode_ci NOT NULL,
  `created_at` timestamp NULL DEFAULT NULL,
  `updated_at` timestamp NULL DEFAULT NULL,
  PRIMARY KEY (`id`)
) ENGINE=InnoDB AUTO_INCREMENT=5 DEFAULT CHARSET=utf8mb4 COLLATE=utf8mb4_unicode_ci;

-- Volcando datos para la tabla spc.expense_types: ~4 rows (aproximadamente)
INSERT IGNORE INTO `expense_types` (`id`, `description`, `created_at`, `updated_at`) VALUES
	(1, 'Honorarios profesionales', '2023-01-13 15:06:29', '2023-01-13 15:06:29'),
	(2, 'Viáticos', '2023-01-13 15:06:29', '2023-01-13 15:06:29'),
	(3, 'Compra de consumibles', '2023-01-13 15:06:29', '2023-01-13 15:06:29'),
	(4, 'Compra de activos', '2023-01-13 15:06:29', '2023-01-13 15:06:29');

-- Volcando estructura para tabla spc.failed_jobs
CREATE TABLE IF NOT EXISTS `failed_jobs` (
  `id` bigint unsigned NOT NULL AUTO_INCREMENT,
  `uuid` varchar(255) COLLATE utf8mb4_unicode_ci NOT NULL,
  `connection` text COLLATE utf8mb4_unicode_ci NOT NULL,
  `queue` text COLLATE utf8mb4_unicode_ci NOT NULL,
  `payload` longtext COLLATE utf8mb4_unicode_ci NOT NULL,
  `exception` longtext COLLATE utf8mb4_unicode_ci NOT NULL,
  `failed_at` timestamp NOT NULL DEFAULT CURRENT_TIMESTAMP,
  PRIMARY KEY (`id`),
  UNIQUE KEY `failed_jobs_uuid_unique` (`uuid`)
) ENGINE=InnoDB DEFAULT CHARSET=utf8mb4 COLLATE=utf8mb4_unicode_ci;

-- Volcando datos para la tabla spc.failed_jobs: ~0 rows (aproximadamente)

-- Volcando estructura para tabla spc.files
CREATE TABLE IF NOT EXISTS `files` (
  `id` bigint unsigned NOT NULL AUTO_INCREMENT,
  `uuid` char(36) COLLATE utf8mb4_unicode_ci NOT NULL,
  `name` varchar(191) COLLATE utf8mb4_unicode_ci NOT NULL,
  `url` longtext COLLATE utf8mb4_unicode_ci NOT NULL,
  `fileable_type` varchar(255) COLLATE utf8mb4_unicode_ci NOT NULL,
  `fileable_id` bigint unsigned NOT NULL,
  `created_at` timestamp NULL DEFAULT NULL,
  `updated_at` timestamp NULL DEFAULT NULL,
  `deleted_at` timestamp NULL DEFAULT NULL,
  PRIMARY KEY (`id`),
  KEY `files_fileable_type_fileable_id_index` (`fileable_type`,`fileable_id`)
) ENGINE=InnoDB AUTO_INCREMENT=36 DEFAULT CHARSET=utf8mb4 COLLATE=utf8mb4_unicode_ci;

-- Volcando datos para la tabla spc.files: ~35 rows (aproximadamente)
INSERT IGNORE INTO `files` (`id`, `uuid`, `name`, `url`, `fileable_type`, `fileable_id`, `created_at`, `updated_at`, `deleted_at`) VALUES
	(1, 'd7db1d40-9353-11ed-b080-222b2004cae1', '1924.jpg', 'http://spc.test/storage/products/1924.jpg', 'App\\Models\\Product', 1, '2023-01-13 15:06:23', '2023-01-13 15:06:23', NULL),
	(2, 'd7dd4f20-9353-11ed-bb70-222b2004cae1', 'CHEYENNE+2005-amx1595959531675910-500x375.jpg', 'http://spc.test/storage/products/CHEYENNE+2005-amx1595959531675910-500x375.jpg', 'App\\Models\\Product', 2, '2023-01-13 15:06:23', '2023-01-13 15:06:23', NULL),
	(3, 'd7df2d90-9353-11ed-a303-222b2004cae1', 'duncanlibremantenimiento.png', 'http://spc.test/storage/products/duncanlibremantenimiento.png', 'App\\Models\\Product', 3, '2023-01-13 15:06:23', '2023-01-13 15:06:23', NULL),
	(4, 'd7e13342-9353-11ed-93a4-222b2004cae1', 's-l300.jpg', 'http://spc.test/storage/products/s-l300.jpg', 'App\\Models\\Product', 4, '2023-01-13 15:06:23', '2023-01-13 15:06:23', NULL),
	(5, 'd7f86030-9353-11ed-aa4c-222b2004cae1', 'ipsum', 'https://picsum.photos/id/255/1500/900', 'App\\Models\\Product', 5, '2023-01-13 15:06:23', '2023-01-13 15:06:23', NULL),
	(6, 'd7f8f0a4-9353-11ed-81cd-222b2004cae1', 'eaque', 'https://picsum.photos/id/905/1500/900', 'App\\Models\\Product', 6, '2023-01-13 15:06:23', '2023-01-13 15:06:23', NULL),
	(7, 'd7f99eb4-9353-11ed-8b92-222b2004cae1', 'et', 'https://picsum.photos/id/708/1500/900', 'App\\Models\\Product', 7, '2023-01-13 15:06:23', '2023-01-13 15:06:23', NULL),
	(8, 'd7fa4fc6-9353-11ed-932e-222b2004cae1', 'ut', 'https://picsum.photos/id/651/1500/900', 'App\\Models\\Product', 8, '2023-01-13 15:06:23', '2023-01-13 15:06:23', NULL),
	(9, 'd7fae56c-9353-11ed-b127-222b2004cae1', 'officiis', 'https://picsum.photos/id/166/1500/900', 'App\\Models\\Product', 9, '2023-01-13 15:06:23', '2023-01-13 15:06:23', NULL),
	(10, 'd7fb69a6-9353-11ed-981d-222b2004cae1', 'sed', 'https://picsum.photos/id/158/1500/900', 'App\\Models\\Product', 10, '2023-01-13 15:06:23', '2023-01-13 15:06:23', NULL),
	(11, 'd7fc04f6-9353-11ed-95be-222b2004cae1', 'similique', 'https://picsum.photos/id/344/1500/900', 'App\\Models\\Product', 11, '2023-01-13 15:06:23', '2023-01-13 15:06:23', NULL),
	(12, 'd7fca7e4-9353-11ed-8f64-222b2004cae1', 'ea', 'https://picsum.photos/id/718/1500/900', 'App\\Models\\Product', 12, '2023-01-13 15:06:23', '2023-01-13 15:06:23', NULL),
	(13, 'd7fd4582-9353-11ed-abdb-222b2004cae1', 'sed', 'https://picsum.photos/id/387/1500/900', 'App\\Models\\Product', 13, '2023-01-13 15:06:23', '2023-01-13 15:06:23', NULL),
	(14, 'd7fdde70-9353-11ed-a9e3-222b2004cae1', 'eius', 'https://picsum.photos/id/77/1500/900', 'App\\Models\\Product', 14, '2023-01-13 15:06:23', '2023-01-13 15:06:23', NULL),
	(15, 'd7fe920c-9353-11ed-ba7b-222b2004cae1', 'est', 'https://picsum.photos/id/1002/1500/900', 'App\\Models\\Product', 15, '2023-01-13 15:06:23', '2023-01-13 15:06:23', NULL),
	(16, 'd7ff2762-9353-11ed-9203-222b2004cae1', 'dolor', 'https://picsum.photos/id/415/1500/900', 'App\\Models\\Product', 16, '2023-01-13 15:06:23', '2023-01-13 15:06:23', NULL),
	(17, 'd7ffb6e6-9353-11ed-8fb0-222b2004cae1', 'ut', 'https://picsum.photos/id/37/1500/900', 'App\\Models\\Product', 17, '2023-01-13 15:06:23', '2023-01-13 15:06:23', NULL),
	(18, 'd80059ca-9353-11ed-8d86-222b2004cae1', 'voluptatem', 'https://picsum.photos/id/382/1500/900', 'App\\Models\\Product', 18, '2023-01-13 15:06:23', '2023-01-13 15:06:23', NULL),
	(19, 'd800f63c-9353-11ed-93c3-222b2004cae1', 'ut', 'https://picsum.photos/id/552/1500/900', 'App\\Models\\Product', 19, '2023-01-13 15:06:23', '2023-01-13 15:06:23', NULL),
	(20, 'd801aa14-9353-11ed-8ed9-222b2004cae1', 'fugit', 'https://picsum.photos/id/782/1500/900', 'App\\Models\\Product', 20, '2023-01-13 15:06:23', '2023-01-13 15:06:23', NULL),
	(21, 'd8025e96-9353-11ed-9b56-222b2004cae1', 'et', 'https://picsum.photos/id/951/1500/900', 'App\\Models\\Product', 21, '2023-01-13 15:06:23', '2023-01-13 15:06:23', NULL),
	(22, 'd8030058-9353-11ed-96b7-222b2004cae1', 'asperiores', 'https://picsum.photos/id/914/1500/900', 'App\\Models\\Product', 22, '2023-01-13 15:06:23', '2023-01-13 15:06:23', NULL),
	(23, 'd803c4e8-9353-11ed-8f57-222b2004cae1', 'mollitia', 'https://picsum.photos/id/753/1500/900', 'App\\Models\\Product', 23, '2023-01-13 15:06:23', '2023-01-13 15:06:23', NULL),
	(24, 'd8049300-9353-11ed-833d-222b2004cae1', 'perspiciatis', 'https://picsum.photos/id/10/1500/900', 'App\\Models\\Product', 24, '2023-01-13 15:06:23', '2023-01-13 15:06:23', NULL),
	(25, 'd8056ffa-9353-11ed-9b5a-222b2004cae1', 'eligendi', 'https://picsum.photos/id/273/1500/900', 'App\\Models\\Product', 25, '2023-01-13 15:06:23', '2023-01-13 15:06:23', NULL),
	(26, 'd8064312-9353-11ed-bacc-222b2004cae1', 'et', 'https://picsum.photos/id/791/1500/900', 'App\\Models\\Product', 26, '2023-01-13 15:06:23', '2023-01-13 15:06:23', NULL),
	(27, 'd8071b0c-9353-11ed-9835-222b2004cae1', 'voluptas', 'https://picsum.photos/id/956/1500/900', 'App\\Models\\Product', 27, '2023-01-13 15:06:23', '2023-01-13 15:06:23', NULL),
	(28, 'd807fd56-9353-11ed-b7f2-222b2004cae1', 'suscipit', 'https://picsum.photos/id/768/1500/900', 'App\\Models\\Product', 28, '2023-01-13 15:06:23', '2023-01-13 15:06:23', NULL),
	(29, 'd80932d4-9353-11ed-9e51-222b2004cae1', 'veritatis', 'https://picsum.photos/id/101/1500/900', 'App\\Models\\Product', 29, '2023-01-13 15:06:23', '2023-01-13 15:06:23', NULL),
	(30, 'd80a73d8-9353-11ed-945b-222b2004cae1', 'corporis', 'https://picsum.photos/id/1006/1500/900', 'App\\Models\\Product', 30, '2023-01-13 15:06:23', '2023-01-13 15:06:23', NULL),
	(31, 'd80bae74-9353-11ed-b55b-222b2004cae1', 'dolorum', 'https://picsum.photos/id/418/1500/900', 'App\\Models\\Product', 31, '2023-01-13 15:06:23', '2023-01-13 15:06:23', NULL),
	(32, 'd80ce780-9353-11ed-a454-222b2004cae1', 'commodi', 'https://picsum.photos/id/705/1500/900', 'App\\Models\\Product', 32, '2023-01-13 15:06:23', '2023-01-13 15:06:23', NULL),
	(33, 'd80e1934-9353-11ed-9414-222b2004cae1', 'laudantium', 'https://picsum.photos/id/776/1500/900', 'App\\Models\\Product', 33, '2023-01-13 15:06:23', '2023-01-13 15:06:23', NULL),
	(34, 'd80f4ec6-9353-11ed-98d0-222b2004cae1', 'labore', 'https://picsum.photos/id/369/1500/900', 'App\\Models\\Product', 34, '2023-01-13 15:06:23', '2023-01-13 15:06:23', NULL),
	(35, '948d78ba-a97b-11ed-8c86-222b2004cae1', 'retencion_Robust leadingedge database.pdf', 'http://spc.test/storage/retention/retencion_Robust leadingedge database.pdf', 'App\\Models\\Retention', 1, '2023-02-10 19:46:15', '2023-02-10 19:46:15', NULL);

-- Volcando estructura para tabla spc.history_rate
CREATE TABLE IF NOT EXISTS `history_rate` (
  `id` bigint unsigned NOT NULL AUTO_INCREMENT,
  `date` date NOT NULL,
  `value` varchar(255) COLLATE utf8mb4_unicode_ci NOT NULL,
  `executedBy` varchar(255) COLLATE utf8mb4_unicode_ci NOT NULL,
  PRIMARY KEY (`id`)
) ENGINE=InnoDB DEFAULT CHARSET=utf8mb4 COLLATE=utf8mb4_unicode_ci;

-- Volcando datos para la tabla spc.history_rate: ~0 rows (aproximadamente)

-- Volcando estructura para tabla spc.identifications
CREATE TABLE IF NOT EXISTS `identifications` (
  `id` bigint unsigned NOT NULL AUTO_INCREMENT,
  `name` varchar(191) COLLATE utf8mb4_unicode_ci NOT NULL,
  `symbol` char(4) COLLATE utf8mb4_unicode_ci NOT NULL,
  `status` tinyint(1) NOT NULL DEFAULT '1',
  `created_at` timestamp NULL DEFAULT NULL,
  `updated_at` timestamp NULL DEFAULT NULL,
  PRIMARY KEY (`id`)
) ENGINE=InnoDB AUTO_INCREMENT=6 DEFAULT CHARSET=utf8mb4 COLLATE=utf8mb4_unicode_ci;

-- Volcando datos para la tabla spc.identifications: ~5 rows (aproximadamente)
INSERT IGNORE INTO `identifications` (`id`, `name`, `symbol`, `status`, `created_at`, `updated_at`) VALUES
	(1, 'Cedula de identidad (V)', 'V-', 1, '2023-01-13 15:06:28', '2023-01-13 15:06:28'),
	(2, 'Cedula de identidad (E)', 'E-', 1, '2023-01-13 15:06:28', '2023-01-13 15:06:28'),
	(3, 'Rif (J-)', 'J-', 1, '2023-01-13 15:06:28', '2023-01-13 15:06:28'),
	(4, 'Rif gubernamental (G-)', 'G-', 1, '2023-01-13 15:06:28', '2023-01-13 15:06:28'),
	(5, 'Pasaporte', 'P-', 1, '2023-01-13 15:06:28', '2023-01-13 15:06:28');

-- Volcando estructura para tabla spc.inventories
CREATE TABLE IF NOT EXISTS `inventories` (
  `id` bigint unsigned NOT NULL AUTO_INCREMENT,
  `type` enum('1','2','3') COLLATE utf8mb4_unicode_ci NOT NULL,
  `description` varchar(255) COLLATE utf8mb4_unicode_ci NOT NULL,
  `product_id` bigint unsigned NOT NULL,
  `quantity` bigint NOT NULL,
  `created_at` timestamp NULL DEFAULT NULL,
  `updated_at` timestamp NULL DEFAULT NULL,
  `deleted_at` timestamp NULL DEFAULT NULL,
  PRIMARY KEY (`id`),
  KEY `inventories_product_id_foreign` (`product_id`),
  CONSTRAINT `inventories_product_id_foreign` FOREIGN KEY (`product_id`) REFERENCES `products` (`id`)
) ENGINE=InnoDB AUTO_INCREMENT=93 DEFAULT CHARSET=utf8mb4 COLLATE=utf8mb4_unicode_ci;

-- Volcando datos para la tabla spc.inventories: ~92 rows (aproximadamente)
INSERT IGNORE INTO `inventories` (`id`, `type`, `description`, `product_id`, `quantity`, `created_at`, `updated_at`, `deleted_at`) VALUES
	(1, '1', 'nuevo producto', 1, 150, '2023-01-13 15:06:23', '2023-01-13 15:06:23', NULL),
	(2, '1', 'nuevo producto', 1, 150, '2023-01-13 15:06:23', '2023-01-13 15:06:23', NULL),
	(3, '1', 'nuevo producto', 2, 250, '2023-01-13 15:06:23', '2023-01-13 15:06:23', NULL),
	(4, '1', 'nuevo producto', 2, 250, '2023-01-13 15:06:23', '2023-01-13 15:06:23', NULL),
	(5, '1', 'nuevo producto', 3, 250, '2023-01-13 15:06:23', '2023-01-13 15:06:23', NULL),
	(6, '1', 'nuevo producto', 3, 250, '2023-01-13 15:06:23', '2023-01-13 15:06:23', NULL),
	(7, '1', 'nuevo producto', 4, 600, '2023-01-13 15:06:23', '2023-01-13 15:06:23', NULL),
	(8, '1', 'nuevo producto', 4, 600, '2023-01-13 15:06:23', '2023-01-13 15:06:23', NULL),
	(9, '1', 'nuevo producto', 5, 100, '2023-01-13 15:06:23', '2023-01-13 15:06:23', NULL),
	(10, '1', 'nuevo producto', 6, 100, '2023-01-13 15:06:23', '2023-01-13 15:06:23', NULL),
	(11, '1', 'nuevo producto', 7, 100, '2023-01-13 15:06:23', '2023-01-13 15:06:23', NULL),
	(12, '1', 'nuevo producto', 8, 100, '2023-01-13 15:06:23', '2023-01-13 15:06:23', NULL),
	(13, '1', 'nuevo producto', 9, 100, '2023-01-13 15:06:23', '2023-01-13 15:06:23', NULL),
	(14, '1', 'nuevo producto', 10, 100, '2023-01-13 15:06:23', '2023-01-13 15:06:23', NULL),
	(15, '1', 'nuevo producto', 11, 100, '2023-01-13 15:06:23', '2023-01-13 15:06:23', NULL),
	(16, '1', 'nuevo producto', 12, 100, '2023-01-13 15:06:23', '2023-01-13 15:06:23', NULL),
	(17, '1', 'nuevo producto', 13, 100, '2023-01-13 15:06:23', '2023-01-13 15:06:23', NULL),
	(18, '1', 'nuevo producto', 14, 100, '2023-01-13 15:06:23', '2023-01-13 15:06:23', NULL),
	(19, '1', 'nuevo producto', 15, 100, '2023-01-13 15:06:23', '2023-01-13 15:06:23', NULL),
	(20, '1', 'nuevo producto', 16, 100, '2023-01-13 15:06:23', '2023-01-13 15:06:23', NULL),
	(21, '1', 'nuevo producto', 17, 100, '2023-01-13 15:06:23', '2023-01-13 15:06:23', NULL),
	(22, '1', 'nuevo producto', 18, 100, '2023-01-13 15:06:23', '2023-01-13 15:06:23', NULL),
	(23, '1', 'nuevo producto', 19, 100, '2023-01-13 15:06:23', '2023-01-13 15:06:23', NULL),
	(24, '1', 'nuevo producto', 20, 100, '2023-01-13 15:06:23', '2023-01-13 15:06:23', NULL),
	(25, '1', 'nuevo producto', 21, 100, '2023-01-13 15:06:23', '2023-01-13 15:06:23', NULL),
	(26, '1', 'nuevo producto', 22, 100, '2023-01-13 15:06:23', '2023-01-13 15:06:23', NULL),
	(27, '1', 'nuevo producto', 23, 100, '2023-01-13 15:06:23', '2023-01-13 15:06:23', NULL),
	(28, '1', 'nuevo producto', 24, 100, '2023-01-13 15:06:23', '2023-01-13 15:06:23', NULL),
	(29, '1', 'nuevo producto', 25, 100, '2023-01-13 15:06:23', '2023-01-13 15:06:23', NULL),
	(30, '1', 'nuevo producto', 26, 100, '2023-01-13 15:06:23', '2023-01-13 15:06:23', NULL),
	(31, '1', 'nuevo producto', 27, 100, '2023-01-13 15:06:23', '2023-01-13 15:06:23', NULL),
	(32, '1', 'nuevo producto', 28, 100, '2023-01-13 15:06:23', '2023-01-13 15:06:23', NULL),
	(33, '1', 'nuevo producto', 29, 100, '2023-01-13 15:06:23', '2023-01-13 15:06:23', NULL),
	(34, '1', 'nuevo producto', 30, 100, '2023-01-13 15:06:23', '2023-01-13 15:06:23', NULL),
	(35, '1', 'nuevo producto', 31, 100, '2023-01-13 15:06:23', '2023-01-13 15:06:23', NULL),
	(36, '1', 'nuevo producto', 32, 100, '2023-01-13 15:06:23', '2023-01-13 15:06:23', NULL),
	(37, '1', 'nuevo producto', 33, 100, '2023-01-13 15:06:23', '2023-01-13 15:06:23', NULL),
	(38, '1', 'nuevo producto', 34, 100, '2023-01-13 15:06:23', '2023-01-13 15:06:23', NULL),
	(39, '1', 'nuevo producto', 5, 100, '2023-01-13 15:06:23', '2023-01-13 15:06:23', NULL),
	(40, '1', 'nuevo producto', 6, 100, '2023-01-13 15:06:23', '2023-01-13 15:06:23', NULL),
	(41, '1', 'nuevo producto', 7, 100, '2023-01-13 15:06:23', '2023-01-13 15:06:23', NULL),
	(42, '1', 'nuevo producto', 8, 100, '2023-01-13 15:06:23', '2023-01-13 15:06:23', NULL),
	(43, '1', 'nuevo producto', 9, 100, '2023-01-13 15:06:23', '2023-01-13 15:06:23', NULL),
	(44, '1', 'nuevo producto', 10, 100, '2023-01-13 15:06:23', '2023-01-13 15:06:23', NULL),
	(45, '1', 'nuevo producto', 11, 100, '2023-01-13 15:06:23', '2023-01-13 15:06:23', NULL),
	(46, '1', 'nuevo producto', 12, 100, '2023-01-13 15:06:23', '2023-01-13 15:06:23', NULL),
	(47, '1', 'nuevo producto', 13, 100, '2023-01-13 15:06:23', '2023-01-13 15:06:23', NULL),
	(48, '1', 'nuevo producto', 14, 100, '2023-01-13 15:06:23', '2023-01-13 15:06:23', NULL),
	(49, '1', 'nuevo producto', 15, 100, '2023-01-13 15:06:23', '2023-01-13 15:06:23', NULL),
	(50, '1', 'nuevo producto', 16, 100, '2023-01-13 15:06:23', '2023-01-13 15:06:23', NULL),
	(51, '1', 'nuevo producto', 17, 100, '2023-01-13 15:06:23', '2023-01-13 15:06:23', NULL),
	(52, '1', 'nuevo producto', 18, 100, '2023-01-13 15:06:23', '2023-01-13 15:06:23', NULL),
	(53, '1', 'nuevo producto', 19, 100, '2023-01-13 15:06:23', '2023-01-13 15:06:23', NULL),
	(54, '1', 'nuevo producto', 20, 100, '2023-01-13 15:06:23', '2023-01-13 15:06:23', NULL),
	(55, '1', 'nuevo producto', 21, 100, '2023-01-13 15:06:23', '2023-01-13 15:06:23', NULL),
	(56, '1', 'nuevo producto', 22, 100, '2023-01-13 15:06:23', '2023-01-13 15:06:23', NULL),
	(57, '1', 'nuevo producto', 23, 100, '2023-01-13 15:06:23', '2023-01-13 15:06:23', NULL),
	(58, '1', 'nuevo producto', 24, 100, '2023-01-13 15:06:23', '2023-01-13 15:06:23', NULL),
	(59, '1', 'nuevo producto', 25, 100, '2023-01-13 15:06:23', '2023-01-13 15:06:23', NULL),
	(60, '1', 'nuevo producto', 26, 100, '2023-01-13 15:06:23', '2023-01-13 15:06:23', NULL),
	(61, '1', 'nuevo producto', 27, 100, '2023-01-13 15:06:23', '2023-01-13 15:06:23', NULL),
	(62, '1', 'nuevo producto', 28, 100, '2023-01-13 15:06:23', '2023-01-13 15:06:23', NULL),
	(63, '1', 'nuevo producto', 29, 100, '2023-01-13 15:06:23', '2023-01-13 15:06:23', NULL),
	(64, '1', 'nuevo producto', 30, 100, '2023-01-13 15:06:23', '2023-01-13 15:06:23', NULL),
	(65, '1', 'nuevo producto', 31, 100, '2023-01-13 15:06:23', '2023-01-13 15:06:23', NULL),
	(66, '1', 'nuevo producto', 32, 100, '2023-01-13 15:06:23', '2023-01-13 15:06:23', NULL),
	(67, '1', 'nuevo producto', 33, 100, '2023-01-13 15:06:23', '2023-01-13 15:06:23', NULL),
	(68, '1', 'nuevo producto', 34, 100, '2023-01-13 15:06:23', '2023-01-13 15:06:23', NULL),
	(69, '2', 'pedido #00001', 1, -32, '2023-01-18 19:24:15', '2023-01-18 19:24:15', NULL),
	(70, '2', 'pedido #00002', 4, -25, '2023-01-18 19:36:05', '2023-01-18 19:36:05', NULL),
	(71, '2', 'pedido #00003', 7, -4, '2023-01-19 18:03:14', '2023-01-19 18:03:14', NULL),
	(72, '2', 'pedido #00003', 3, -4, '2023-01-19 18:03:14', '2023-01-19 18:03:14', NULL),
	(73, '2', 'pedido #00004', 5, -10, '2023-01-20 15:10:07', '2023-01-20 15:10:07', NULL),
	(74, '2', 'pedido #00005', 1, -32, '2023-01-23 14:37:12', '2023-01-23 14:37:12', NULL),
	(75, '2', 'pedido #00005', 11, -20, '2023-01-23 14:37:12', '2023-01-23 14:37:12', NULL),
	(76, '2', 'pedido #00006', 3, -17, '2023-01-23 15:31:02', '2023-01-23 15:31:02', NULL),
	(77, '2', 'pedido #00007', 4, -3, '2023-01-24 17:34:32', '2023-01-24 17:34:32', NULL),
	(78, '2', 'pedido #00008', 4, -2, '2023-01-24 17:44:07', '2023-01-24 17:44:07', NULL),
	(79, '2', 'pedido #00008', 4, -2, '2023-01-24 17:44:07', '2023-01-24 17:44:07', NULL),
	(80, '2', 'pedido #00009', 4, -25, '2023-01-25 15:04:34', '2023-01-25 15:04:34', NULL),
	(81, '2', 'pedido #00010', 2, -5, '2023-02-09 18:38:27', '2023-02-09 18:38:27', NULL),
	(82, '2', 'pedido #00010', 1, -5, '2023-02-09 18:38:27', '2023-02-09 18:38:27', NULL),
	(83, '2', 'pedido #00010', 5, -4, '2023-02-09 18:38:27', '2023-02-09 18:38:27', NULL),
	(84, '2', 'pedido #00011', 10, -4, '2023-02-09 18:41:09', '2023-02-09 18:41:09', NULL),
	(85, '2', 'pedido #00011', 19, -2, '2023-02-09 18:41:09', '2023-02-09 18:41:09', NULL),
	(86, '2', 'pedido #00011', 28, -2, '2023-02-09 18:41:09', '2023-02-09 18:41:09', NULL),
	(87, '1', 'compra #000124', 5, 3, '2023-02-10 19:42:51', '2023-02-10 19:42:51', NULL),
	(88, '1', 'compra #000124', 10, 3, '2023-02-10 19:42:51', '2023-02-10 19:42:51', NULL),
	(89, '1', 'compra #000124', 1, 5, '2023-02-10 19:42:51', '2023-02-10 19:42:51', NULL),
	(90, '1', 'compra #000124', 19, 3, '2023-02-10 19:42:51', '2023-02-10 19:42:51', NULL),
	(91, '1', 'compra #00014', 28, 2, '2023-02-10 19:46:14', '2023-02-10 19:46:14', NULL),
	(92, '1', 'compra #00014', 6, 1, '2023-02-10 19:46:14', '2023-02-10 19:46:14', NULL);

-- Volcando estructura para tabla spc.invoices
CREATE TABLE IF NOT EXISTS `invoices` (
  `id` bigint unsigned NOT NULL AUTO_INCREMENT,
  `invoice_number` bigint(8) unsigned zerofill NOT NULL,
  `pdf` varchar(255) COLLATE utf8mb4_unicode_ci DEFAULT NULL,
  `date_of_issue` date NOT NULL,
  `date_of_due` date NOT NULL,
  `order_id` bigint unsigned NOT NULL,
  `created_at` timestamp NULL DEFAULT NULL,
  `updated_at` timestamp NULL DEFAULT NULL,
  PRIMARY KEY (`id`),
  UNIQUE KEY `invoices_invoice_number_unique` (`invoice_number`),
  KEY `invoices_order_id_foreign` (`order_id`),
  CONSTRAINT `invoices_order_id_foreign` FOREIGN KEY (`order_id`) REFERENCES `orders` (`id`) ON DELETE CASCADE
) ENGINE=InnoDB AUTO_INCREMENT=4 DEFAULT CHARSET=utf8mb4 COLLATE=utf8mb4_unicode_ci;

-- Volcando datos para la tabla spc.invoices: ~3 rows (aproximadamente)
INSERT IGNORE INTO `invoices` (`id`, `invoice_number`, `pdf`, `date_of_issue`, `date_of_due`, `order_id`, `created_at`, `updated_at`) VALUES
	(1, 00000001, 'http://spc.test/storage/invoice/invoice_00000001.pdf', '2023-02-07', '2023-02-13', 9, '2023-02-07 19:45:25', '2023-02-07 19:45:27'),
	(2, 00000002, 'http://spc.test/storage/invoice/invoice_00000002.pdf', '2023-02-07', '2023-02-13', 9, '2023-02-07 19:47:44', '2023-02-07 19:47:44'),
	(3, 00000003, 'http://spc.test/storage/invoice/invoice_00000003.pdf', '2023-02-07', '2023-02-13', 9, '2023-02-07 20:01:31', '2023-02-07 20:01:33');

-- Volcando estructura para tabla spc.migrations
CREATE TABLE IF NOT EXISTS `migrations` (
  `id` int unsigned NOT NULL AUTO_INCREMENT,
  `migration` varchar(255) COLLATE utf8mb4_unicode_ci NOT NULL,
  `batch` int NOT NULL,
  PRIMARY KEY (`id`)
) ENGINE=InnoDB AUTO_INCREMENT=77 DEFAULT CHARSET=utf8mb4 COLLATE=utf8mb4_unicode_ci;

-- Volcando datos para la tabla spc.migrations: ~73 rows (aproximadamente)
INSERT IGNORE INTO `migrations` (`id`, `migration`, `batch`) VALUES
	(1, '0000_00_00_000000_create_catalogs_tables_table', 1),
	(2, '2014_10_12_000000_create_users_table', 1),
	(3, '2014_10_12_100000_create_password_resets_table', 1),
	(4, '2016_06_01_000001_create_oauth_auth_codes_table', 1),
	(5, '2016_06_01_000002_create_oauth_access_tokens_table', 1),
	(6, '2016_06_01_000003_create_oauth_refresh_tokens_table', 1),
	(7, '2016_06_01_000004_create_oauth_clients_table', 1),
	(8, '2016_06_01_000005_create_oauth_personal_access_clients_table', 1),
	(9, '2019_08_19_000000_create_failed_jobs_table', 1),
	(10, '2019_12_14_000001_create_personal_access_tokens_table', 1),
	(11, '2021_08_25_153021_create_permission_tables', 1),
	(12, '2021_08_31_153812_create_categories_table', 1),
	(13, '2021_08_31_154111_create_brands_table', 1),
	(14, '2021_08_31_161332_create_units_table', 1),
	(15, '2021_08_31_165333_create_products_table', 1),
	(16, '2021_08_31_205711_create_attributes_table', 1),
	(17, '2021_09_03_183320_create_profile_options_table', 1),
	(18, '2021_09_20_191541_create_settings_table', 1),
	(19, '2021_09_30_013724_create_files_table', 1),
	(20, '2021_10_05_123257_venezuela', 1),
	(21, '2021_10_05_135540_create_peoples_types_table', 1),
	(22, '2021_10_05_135542_create_identifications_table', 1),
	(23, '2021_10_12_130210_create_zones_table', 1),
	(24, '2021_10_12_135927_create_sellers_table', 1),
	(25, '2021_10_12_136543_create_people_table', 1),
	(26, '2021_11_01_150037_create_inventories_table', 1),
	(27, '2021_11_03_143721_create_purchases_table', 1),
	(28, '2021_11_16_191423_create_purchase_items_table', 1),
	(29, '2021_11_16_211214_create_purchase_taxes_table', 1),
	(30, '2021_11_16_211215_create_purchase_orders_table', 1),
	(31, '2021_11_23_200343_create_orders_table', 1),
	(32, '2021_11_26_134257_create_order_items_table', 1),
	(33, '2021_11_26_134435_create_order_taxes_table', 1),
	(34, '2021_11_26_134436_create_order_notes_table', 1),
	(35, '2021_11_26_152814_create_order_documents_table', 1),
	(36, '2021_11_26_152816_create_invoices_table', 1),
	(37, '2021_11_30_132622_create_discounts_table', 1),
	(38, '2021_12_13_145629_create_employees_table', 1),
	(39, '2021_12_13_145630_create_profiles_table', 1),
	(40, '2021_12_13_145650_create_payrolls_table', 1),
	(41, '2021_12_15_142247_create_payroll_employees_table', 1),
	(42, '2021_12_20_184200_create_carriers_table', 1),
	(43, '2021_12_20_184205_create_shipments_table', 1),
	(44, '2022_02_24_195721_create_commissions_table', 1),
	(45, '2022_02_28_201523_create_commision_sellers_table', 1),
	(46, '2022_02_28_201648_create_bonuses_table', 1),
	(47, '2022_03_09_102000_create_expense_types_table', 1),
	(48, '2022_03_09_102131_create_expenses_table', 1),
	(49, '2022_03_09_102616_create_expense_items_table', 1),
	(50, '2022_03_16_153648_create_payments_table', 1),
	(51, '2022_04_06_163505_create_retentions_table', 1),
	(52, '2022_04_11_115326_create_expense_taxes_table', 1),
	(53, '2022_04_28_135333_create_credits_table', 1),
	(54, '2022_04_28_135334_create_credit_notes_table', 1),
	(55, '2022_04_29_115048_create_returned_products_table', 1),
	(56, '2022_04_29_125048_create_accounting_account_types_table', 1),
	(57, '2022_04_29_125050_create_accounting_accounts_table', 1),
	(58, '2022_06_30_105420_create_accounting_records_table', 1),
	(59, '2022_11_01_102659_add_status_to_shipments_table', 1),
	(60, '2022_11_04_115341_add_carrier_id_to_orders', 1),
	(61, '2022_12_07_102130_create_dispatches_table', 1),
	(62, '2022_12_15_143736_create_prices_types_table', 1),
	(63, '2022_12_15_143819_add_prices_to_products', 1),
	(64, '2022_12_16_134741_add_assigned_price_to_people', 1),
	(65, '2022_12_20_121340_add_for_to_discounts', 1),
	(67, '2023_01_13_151434_add_date_early_pay_to_orders_table', 2),
	(68, '2023_01_20_102928_add_type_to_discounts_table', 3),
	(69, '2023_01_20_134414_add_approve_at_to_payments_table', 4),
	(70, '2023_01_26_113943_create_schema_commisions_table', 5),
	(72, '2023_01_27_114912_create_color_zones_table', 6),
	(74, '2023_01_27_114922_add_fields_to_zones_table', 7),
	(75, '2023_02_06_112617_add_is_paid_to_orders_table', 8),
	(76, '2023_02_06_151033_add_rate_to_payments_table', 9);

-- Volcando estructura para tabla spc.model_has_permissions
CREATE TABLE IF NOT EXISTS `model_has_permissions` (
  `permission_id` bigint unsigned NOT NULL,
  `model_type` varchar(255) COLLATE utf8mb4_unicode_ci NOT NULL,
  `model_id` bigint unsigned NOT NULL,
  PRIMARY KEY (`permission_id`,`model_id`,`model_type`),
  KEY `model_has_permissions_model_id_model_type_index` (`model_id`,`model_type`),
  CONSTRAINT `model_has_permissions_permission_id_foreign` FOREIGN KEY (`permission_id`) REFERENCES `permissions` (`id`) ON DELETE CASCADE
) ENGINE=InnoDB DEFAULT CHARSET=utf8mb4 COLLATE=utf8mb4_unicode_ci;

-- Volcando datos para la tabla spc.model_has_permissions: ~0 rows (aproximadamente)

-- Volcando estructura para tabla spc.model_has_roles
CREATE TABLE IF NOT EXISTS `model_has_roles` (
  `role_id` bigint unsigned NOT NULL,
  `model_type` varchar(255) COLLATE utf8mb4_unicode_ci NOT NULL,
  `model_id` bigint unsigned NOT NULL,
  PRIMARY KEY (`role_id`,`model_id`,`model_type`),
  KEY `model_has_roles_model_id_model_type_index` (`model_id`,`model_type`),
  CONSTRAINT `model_has_roles_role_id_foreign` FOREIGN KEY (`role_id`) REFERENCES `roles` (`id`) ON DELETE CASCADE
) ENGINE=InnoDB DEFAULT CHARSET=utf8mb4 COLLATE=utf8mb4_unicode_ci;

-- Volcando datos para la tabla spc.model_has_roles: ~3 rows (aproximadamente)
INSERT IGNORE INTO `model_has_roles` (`role_id`, `model_type`, `model_id`) VALUES
	(1, 'App\\Models\\User', 1),
	(2, 'App\\Models\\User', 2),
	(2, 'App\\Models\\User', 3);

-- Volcando estructura para tabla spc.municipalities
CREATE TABLE IF NOT EXISTS `municipalities` (
  `id` bigint unsigned NOT NULL AUTO_INCREMENT,
  `municipality` varchar(255) COLLATE utf8mb4_unicode_ci NOT NULL,
  `state_id` bigint unsigned NOT NULL,
  PRIMARY KEY (`id`),
  KEY `municipalities_state_id_foreign` (`state_id`),
  CONSTRAINT `municipalities_state_id_foreign` FOREIGN KEY (`state_id`) REFERENCES `states` (`id`)
) ENGINE=InnoDB AUTO_INCREMENT=463 DEFAULT CHARSET=utf8mb4 COLLATE=utf8mb4_unicode_ci;

-- Volcando datos para la tabla spc.municipalities: ~335 rows (aproximadamente)
INSERT IGNORE INTO `municipalities` (`id`, `municipality`, `state_id`) VALUES
	(1, 'Alto Orinoco', 1),
	(2, 'Atabapo', 1),
	(3, 'Atures', 1),
	(4, 'Autana', 1),
	(5, 'Manapiare', 1),
	(6, 'Maroa', 1),
	(7, 'Río Negro', 1),
	(8, 'Anaco', 2),
	(9, 'Aragua', 2),
	(10, 'Manuel Ezequiel Bruzual', 2),
	(11, 'Diego Bautista Urbaneja', 2),
	(12, 'Fernando Peñalver', 2),
	(13, 'Francisco Del Carmen Carvajal', 2),
	(14, 'General Sir Arthur McGregor', 2),
	(15, 'Guanta', 2),
	(16, 'Independencia', 2),
	(17, 'José Gregorio Monagas', 2),
	(18, 'Juan Antonio Sotillo', 2),
	(19, 'Juan Manuel Cajigal', 2),
	(20, 'Libertad', 2),
	(21, 'Francisco de Miranda', 2),
	(22, 'Pedro María Freites', 2),
	(23, 'Píritu', 2),
	(24, 'San José de Guanipa', 2),
	(25, 'San Juan de Capistrano', 2),
	(26, 'Santa Ana', 2),
	(27, 'Simón Bolívar', 2),
	(28, 'Simón Rodríguez', 2),
	(29, 'Achaguas', 3),
	(30, 'Biruaca', 3),
	(31, 'Muñóz', 3),
	(32, 'Páez', 3),
	(33, 'Pedro Camejo', 3),
	(34, 'Rómulo Gallegos', 3),
	(35, 'San Fernando', 3),
	(36, 'Girardot', 4),
	(37, 'Bolívar', 4),
	(38, 'Camatagua', 4),
	(39, 'Francisco Linares Alcántara', 4),
	(40, 'José Ángel Lamas', 4),
	(41, 'José Félix Ribas', 4),
	(42, 'José Rafael Revenga', 4),
	(43, 'Libertador', 4),
	(44, 'Mario Briceño Iragorry', 4),
	(45, 'Ocumare de la Costa de Oro', 4),
	(46, 'San Casimiro', 4),
	(47, 'San Sebastián', 4),
	(48, 'Santiago Mariño', 4),
	(49, 'Santos Michelena', 4),
	(50, 'Sucre', 4),
	(51, 'Tovar', 4),
	(52, 'Urdaneta', 4),
	(53, 'Zamora', 4),
	(54, 'Alberto Arvelo Torrealba', 5),
	(55, 'Andrés Eloy Blanco', 5),
	(56, 'Antonio José de Sucre', 5),
	(57, 'Arismendi', 5),
	(58, 'Barinas', 5),
	(59, 'Bolívar', 5),
	(60, 'Cruz Paredes', 5),
	(61, 'Ezequiel Zamora', 5),
	(62, 'Obispos', 5),
	(63, 'Pedraza', 5),
	(64, 'Rojas', 5),
	(65, 'Sosa', 5),
	(66, 'Caroní', 6),
	(67, 'Cedeño', 6),
	(68, 'El Callao', 6),
	(69, 'Gran Sabana', 6),
	(70, 'Heres', 6),
	(71, 'Piar', 6),
	(72, 'Angostura (Raúl Leoni)', 6),
	(73, 'Roscio', 6),
	(74, 'Sifontes', 6),
	(75, 'Sucre', 6),
	(76, 'Padre Pedro Chien', 6),
	(77, 'Bejuma', 7),
	(78, 'Carlos Arvelo', 7),
	(79, 'Diego Ibarra', 7),
	(80, 'Guacara', 7),
	(81, 'Juan José Mora', 7),
	(82, 'Libertador', 7),
	(83, 'Los Guayos', 7),
	(84, 'Miranda', 7),
	(85, 'Montalbán', 7),
	(86, 'Naguanagua', 7),
	(87, 'Puerto Cabello', 7),
	(88, 'San Diego', 7),
	(89, 'San Joaquín', 7),
	(90, 'Valencia', 7),
	(91, 'Anzoátegui', 8),
	(92, 'Tinaquillo', 8),
	(93, 'Girardot', 8),
	(94, 'Lima Blanco', 8),
	(95, 'Pao de San Juan Bautista', 8),
	(96, 'Ricaurte', 8),
	(97, 'Rómulo Gallegos', 8),
	(98, 'San Carlos', 8),
	(99, 'Tinaco', 8),
	(100, 'Antonio Díaz', 9),
	(101, 'Casacoima', 9),
	(102, 'Pedernales', 9),
	(103, 'Tucupita', 9),
	(104, 'Acosta', 10),
	(105, 'Bolívar', 10),
	(106, 'Buchivacoa', 10),
	(107, 'Cacique Manaure', 10),
	(108, 'Carirubana', 10),
	(109, 'Colina', 10),
	(110, 'Dabajuro', 10),
	(111, 'Democracia', 10),
	(112, 'Falcón', 10),
	(113, 'Federación', 10),
	(114, 'Jacura', 10),
	(115, 'José Laurencio Silva', 10),
	(116, 'Los Taques', 10),
	(117, 'Mauroa', 10),
	(118, 'Miranda', 10),
	(119, 'Monseñor Iturriza', 10),
	(120, 'Palmasola', 10),
	(121, 'Petit', 10),
	(122, 'Píritu', 10),
	(123, 'San Francisco', 10),
	(124, 'Sucre', 10),
	(125, 'Tocópero', 10),
	(126, 'Unión', 10),
	(127, 'Urumaco', 10),
	(128, 'Zamora', 10),
	(129, 'Camaguán', 11),
	(130, 'Chaguaramas', 11),
	(131, 'El Socorro', 11),
	(132, 'José Félix Ribas', 11),
	(133, 'José Tadeo Monagas', 11),
	(134, 'Juan Germán Roscio', 11),
	(135, 'Julián Mellado', 11),
	(136, 'Las Mercedes', 11),
	(137, 'Leonardo Infante', 11),
	(138, 'Pedro Zaraza', 11),
	(139, 'Ortíz', 11),
	(140, 'San Gerónimo de Guayabal', 11),
	(141, 'San José de Guaribe', 11),
	(142, 'Santa María de Ipire', 11),
	(143, 'Sebastián Francisco de Miranda', 11),
	(144, 'Andrés Eloy Blanco', 12),
	(145, 'Crespo', 12),
	(146, 'Iribarren', 12),
	(147, 'Jiménez', 12),
	(148, 'Morán', 12),
	(149, 'Palavecino', 12),
	(150, 'Simón Planas', 12),
	(151, 'Torres', 12),
	(152, 'Urdaneta', 12),
	(179, 'Alberto Adriani', 13),
	(180, 'Andrés Bello', 13),
	(181, 'Antonio Pinto Salinas', 13),
	(182, 'Aricagua', 13),
	(183, 'Arzobispo Chacón', 13),
	(184, 'Campo Elías', 13),
	(185, 'Caracciolo Parra Olmedo', 13),
	(186, 'Cardenal Quintero', 13),
	(187, 'Guaraque', 13),
	(188, 'Julio César Salas', 13),
	(189, 'Justo Briceño', 13),
	(190, 'Libertador', 13),
	(191, 'Miranda', 13),
	(192, 'Obispo Ramos de Lora', 13),
	(193, 'Padre Noguera', 13),
	(194, 'Pueblo Llano', 13),
	(195, 'Rangel', 13),
	(196, 'Rivas Dávila', 13),
	(197, 'Santos Marquina', 13),
	(198, 'Sucre', 13),
	(199, 'Tovar', 13),
	(200, 'Tulio Febres Cordero', 13),
	(201, 'Zea', 13),
	(223, 'Acevedo', 14),
	(224, 'Andrés Bello', 14),
	(225, 'Baruta', 14),
	(226, 'Brión', 14),
	(227, 'Buroz', 14),
	(228, 'Carrizal', 14),
	(229, 'Chacao', 14),
	(230, 'Cristóbal Rojas', 14),
	(231, 'El Hatillo', 14),
	(232, 'Guaicaipuro', 14),
	(233, 'Independencia', 14),
	(234, 'Lander', 14),
	(235, 'Los Salias', 14),
	(236, 'Páez', 14),
	(237, 'Paz Castillo', 14),
	(238, 'Pedro Gual', 14),
	(239, 'Plaza', 14),
	(240, 'Simón Bolívar', 14),
	(241, 'Sucre', 14),
	(242, 'Urdaneta', 14),
	(243, 'Zamora', 14),
	(258, 'Acosta', 15),
	(259, 'Aguasay', 15),
	(260, 'Bolívar', 15),
	(261, 'Caripe', 15),
	(262, 'Cedeño', 15),
	(263, 'Ezequiel Zamora', 15),
	(264, 'Libertador', 15),
	(265, 'Maturín', 15),
	(266, 'Piar', 15),
	(267, 'Punceres', 15),
	(268, 'Santa Bárbara', 15),
	(269, 'Sotillo', 15),
	(270, 'Uracoa', 15),
	(271, 'Antolín del Campo', 16),
	(272, 'Arismendi', 16),
	(273, 'García', 16),
	(274, 'Gómez', 16),
	(275, 'Maneiro', 16),
	(276, 'Marcano', 16),
	(277, 'Mariño', 16),
	(278, 'Península de Macanao', 16),
	(279, 'Tubores', 16),
	(280, 'Villalba', 16),
	(281, 'Díaz', 16),
	(282, 'Agua Blanca', 17),
	(283, 'Araure', 17),
	(284, 'Esteller', 17),
	(285, 'Guanare', 17),
	(286, 'Guanarito', 17),
	(287, 'Monseñor José Vicente de Unda', 17),
	(288, 'Ospino', 17),
	(289, 'Páez', 17),
	(290, 'Papelón', 17),
	(291, 'San Genaro de Boconoíto', 17),
	(292, 'San Rafael de Onoto', 17),
	(293, 'Santa Rosalía', 17),
	(294, 'Sucre', 17),
	(295, 'Turén', 17),
	(296, 'Andrés Eloy Blanco', 18),
	(297, 'Andrés Mata', 18),
	(298, 'Arismendi', 18),
	(299, 'Benítez', 18),
	(300, 'Bermúdez', 18),
	(301, 'Bolívar', 18),
	(302, 'Cajigal', 18),
	(303, 'Cruz Salmerón Acosta', 18),
	(304, 'Libertador', 18),
	(305, 'Mariño', 18),
	(306, 'Mejía', 18),
	(307, 'Montes', 18),
	(308, 'Ribero', 18),
	(309, 'Sucre', 18),
	(310, 'Valdéz', 18),
	(341, 'Andrés Bello', 19),
	(342, 'Antonio Rómulo Costa', 19),
	(343, 'Ayacucho', 19),
	(344, 'Bolívar', 19),
	(345, 'Cárdenas', 19),
	(346, 'Córdoba', 19),
	(347, 'Fernández Feo', 19),
	(348, 'Francisco de Miranda', 19),
	(349, 'García de Hevia', 19),
	(350, 'Guásimos', 19),
	(351, 'Independencia', 19),
	(352, 'Jáuregui', 19),
	(353, 'José María Vargas', 19),
	(354, 'Junín', 19),
	(355, 'Libertad', 19),
	(356, 'Libertador', 19),
	(357, 'Lobatera', 19),
	(358, 'Michelena', 19),
	(359, 'Panamericano', 19),
	(360, 'Pedro María Ureña', 19),
	(361, 'Rafael Urdaneta', 19),
	(362, 'Samuel Darío Maldonado', 19),
	(363, 'San Cristóbal', 19),
	(364, 'Seboruco', 19),
	(365, 'Simón Rodríguez', 19),
	(366, 'Sucre', 19),
	(367, 'Torbes', 19),
	(368, 'Uribante', 19),
	(369, 'San Judas Tadeo', 19),
	(370, 'Andrés Bello', 20),
	(371, 'Boconó', 20),
	(372, 'Bolívar', 20),
	(373, 'Candelaria', 20),
	(374, 'Carache', 20),
	(375, 'Escuque', 20),
	(376, 'José Felipe Márquez Cañizalez', 20),
	(377, 'Juan Vicente Campos Elías', 20),
	(378, 'La Ceiba', 20),
	(379, 'Miranda', 20),
	(380, 'Monte Carmelo', 20),
	(381, 'Motatán', 20),
	(382, 'Pampán', 20),
	(383, 'Pampanito', 20),
	(384, 'Rafael Rangel', 20),
	(385, 'San Rafael de Carvajal', 20),
	(386, 'Sucre', 20),
	(387, 'Trujillo', 20),
	(388, 'Urdaneta', 20),
	(389, 'Valera', 20),
	(390, 'Vargas', 21),
	(391, 'Arístides Bastidas', 22),
	(392, 'Bolívar', 22),
	(407, 'Bruzual', 22),
	(408, 'Cocorote', 22),
	(409, 'Independencia', 22),
	(410, 'José Antonio Páez', 22),
	(411, 'La Trinidad', 22),
	(412, 'Manuel Monge', 22),
	(413, 'Nirgua', 22),
	(414, 'Peña', 22),
	(415, 'San Felipe', 22),
	(416, 'Sucre', 22),
	(417, 'Urachiche', 22),
	(418, 'José Joaquín Veroes', 22),
	(441, 'Almirante Padilla', 23),
	(442, 'Baralt', 23),
	(443, 'Cabimas', 23),
	(444, 'Catatumbo', 23),
	(445, 'Colón', 23),
	(446, 'Francisco Javier Pulgar', 23),
	(447, 'Páez', 23),
	(448, 'Jesús Enrique Losada', 23),
	(449, 'Jesús María Semprún', 23),
	(450, 'La Cañada de Urdaneta', 23),
	(451, 'Lagunillas', 23),
	(452, 'Machiques de Perijá', 23),
	(453, 'Mara', 23),
	(454, 'Maracaibo', 23),
	(455, 'Miranda', 23),
	(456, 'Rosario de Perijá', 23),
	(457, 'San Francisco', 23),
	(458, 'Santa Rita', 23),
	(459, 'Simón Bolívar', 23),
	(460, 'Sucre', 23),
	(461, 'Valmore Rodríguez', 23),
	(462, 'Libertador', 24);

-- Volcando estructura para tabla spc.oauth_access_tokens
CREATE TABLE IF NOT EXISTS `oauth_access_tokens` (
  `id` varchar(100) COLLATE utf8mb4_unicode_ci NOT NULL,
  `user_id` bigint unsigned DEFAULT NULL,
  `client_id` bigint unsigned NOT NULL,
  `name` varchar(255) COLLATE utf8mb4_unicode_ci DEFAULT NULL,
  `scopes` text COLLATE utf8mb4_unicode_ci,
  `revoked` tinyint(1) NOT NULL,
  `created_at` timestamp NULL DEFAULT NULL,
  `updated_at` timestamp NULL DEFAULT NULL,
  `expires_at` datetime DEFAULT NULL,
  PRIMARY KEY (`id`),
  KEY `oauth_access_tokens_user_id_index` (`user_id`)
) ENGINE=InnoDB DEFAULT CHARSET=utf8mb4 COLLATE=utf8mb4_unicode_ci;

-- Volcando datos para la tabla spc.oauth_access_tokens: ~0 rows (aproximadamente)

-- Volcando estructura para tabla spc.oauth_auth_codes
CREATE TABLE IF NOT EXISTS `oauth_auth_codes` (
  `id` varchar(100) COLLATE utf8mb4_unicode_ci NOT NULL,
  `user_id` bigint unsigned NOT NULL,
  `client_id` bigint unsigned NOT NULL,
  `scopes` text COLLATE utf8mb4_unicode_ci,
  `revoked` tinyint(1) NOT NULL,
  `expires_at` datetime DEFAULT NULL,
  PRIMARY KEY (`id`),
  KEY `oauth_auth_codes_user_id_index` (`user_id`)
) ENGINE=InnoDB DEFAULT CHARSET=utf8mb4 COLLATE=utf8mb4_unicode_ci;

-- Volcando datos para la tabla spc.oauth_auth_codes: ~0 rows (aproximadamente)

-- Volcando estructura para tabla spc.oauth_clients
CREATE TABLE IF NOT EXISTS `oauth_clients` (
  `id` bigint unsigned NOT NULL AUTO_INCREMENT,
  `user_id` bigint unsigned DEFAULT NULL,
  `name` varchar(255) COLLATE utf8mb4_unicode_ci NOT NULL,
  `secret` varchar(100) COLLATE utf8mb4_unicode_ci DEFAULT NULL,
  `provider` varchar(255) COLLATE utf8mb4_unicode_ci DEFAULT NULL,
  `redirect` text COLLATE utf8mb4_unicode_ci NOT NULL,
  `personal_access_client` tinyint(1) NOT NULL,
  `password_client` tinyint(1) NOT NULL,
  `revoked` tinyint(1) NOT NULL,
  `created_at` timestamp NULL DEFAULT NULL,
  `updated_at` timestamp NULL DEFAULT NULL,
  PRIMARY KEY (`id`),
  KEY `oauth_clients_user_id_index` (`user_id`)
) ENGINE=InnoDB DEFAULT CHARSET=utf8mb4 COLLATE=utf8mb4_unicode_ci;

-- Volcando datos para la tabla spc.oauth_clients: ~0 rows (aproximadamente)

-- Volcando estructura para tabla spc.oauth_personal_access_clients
CREATE TABLE IF NOT EXISTS `oauth_personal_access_clients` (
  `id` bigint unsigned NOT NULL AUTO_INCREMENT,
  `client_id` bigint unsigned NOT NULL,
  `created_at` timestamp NULL DEFAULT NULL,
  `updated_at` timestamp NULL DEFAULT NULL,
  PRIMARY KEY (`id`)
) ENGINE=InnoDB DEFAULT CHARSET=utf8mb4 COLLATE=utf8mb4_unicode_ci;

-- Volcando datos para la tabla spc.oauth_personal_access_clients: ~0 rows (aproximadamente)

-- Volcando estructura para tabla spc.oauth_refresh_tokens
CREATE TABLE IF NOT EXISTS `oauth_refresh_tokens` (
  `id` varchar(100) COLLATE utf8mb4_unicode_ci NOT NULL,
  `access_token_id` varchar(100) COLLATE utf8mb4_unicode_ci NOT NULL,
  `revoked` tinyint(1) NOT NULL,
  `expires_at` datetime DEFAULT NULL,
  PRIMARY KEY (`id`),
  KEY `oauth_refresh_tokens_access_token_id_index` (`access_token_id`)
) ENGINE=InnoDB DEFAULT CHARSET=utf8mb4 COLLATE=utf8mb4_unicode_ci;

-- Volcando datos para la tabla spc.oauth_refresh_tokens: ~0 rows (aproximadamente)

-- Volcando estructura para tabla spc.option_allocations
CREATE TABLE IF NOT EXISTS `option_allocations` (
  `id` bigint unsigned NOT NULL AUTO_INCREMENT,
  `name` varchar(191) COLLATE utf8mb4_unicode_ci NOT NULL,
  `short` char(4) COLLATE utf8mb4_unicode_ci DEFAULT NULL,
  `type` enum('allocation','deduction') COLLATE utf8mb4_unicode_ci NOT NULL DEFAULT 'allocation',
  PRIMARY KEY (`id`)
) ENGINE=InnoDB AUTO_INCREMENT=10 DEFAULT CHARSET=utf8mb4 COLLATE=utf8mb4_unicode_ci;

-- Volcando datos para la tabla spc.option_allocations: ~9 rows (aproximadamente)
INSERT IGNORE INTO `option_allocations` (`id`, `name`, `short`, `type`) VALUES
	(1, 'Sueldo Semanal', 'ss', 'allocation'),
	(2, 'Sueldo quincenal', 'sq', 'allocation'),
	(3, 'Sueldo mensual', 'sm', 'allocation'),
	(4, 'horas extras diurnas', 'hed', 'allocation'),
	(5, 'horas extras nocturnas', 'hen', 'allocation'),
	(6, 'Seguro Social', 'sso', 'deduction'),
	(7, 'Seguro Paro Forzoso', 'spf', 'deduction'),
	(8, 'Fondo de Ahorro Vivienda y Hábitat', 'faov', 'deduction'),
	(9, 'Otro', NULL, 'deduction');

-- Volcando estructura para tabla spc.option_benefits
CREATE TABLE IF NOT EXISTS `option_benefits` (
  `id` bigint unsigned NOT NULL AUTO_INCREMENT,
  `name` varchar(191) COLLATE utf8mb4_unicode_ci NOT NULL,
  `short` char(4) COLLATE utf8mb4_unicode_ci DEFAULT NULL,
  `min_days` int unsigned DEFAULT '0',
  `max_days` int unsigned DEFAULT NULL,
  PRIMARY KEY (`id`)
) ENGINE=InnoDB AUTO_INCREMENT=8 DEFAULT CHARSET=utf8mb4 COLLATE=utf8mb4_unicode_ci;

-- Volcando datos para la tabla spc.option_benefits: ~7 rows (aproximadamente)
INSERT IGNORE INTO `option_benefits` (`id`, `name`, `short`, `min_days`, `max_days`) VALUES
	(1, 'Vacaciones', 'v', 15, NULL),
	(2, 'Bono Vacacional', 'bv', 15, NULL),
	(3, 'Días adicionales Vacaciones', 'dav', 2, 30),
	(4, 'Días adicionales Bono Vacacional', 'dabv', 2, 30),
	(5, 'Utilidades', 'u', 30, NULL),
	(6, 'Prestaciones sociales', 'ps', NULL, NULL),
	(7, 'Salario integral', 'si', NULL, NULL);

-- Volcando estructura para tabla spc.orders
CREATE TABLE IF NOT EXISTS `orders` (
  `id` bigint unsigned NOT NULL AUTO_INCREMENT,
  `uuid` char(36) COLLATE utf8mb4_unicode_ci NOT NULL,
  `document_type_id` char(8) COLLATE utf8mb4_unicode_ci NOT NULL,
  `order_number` varchar(191) COLLATE utf8mb4_unicode_ci DEFAULT NULL,
  `currency_type_id` char(10) COLLATE utf8mb4_unicode_ci NOT NULL,
  `date_of_issue` date NOT NULL,
  `date_of_due` date NOT NULL,
  `date_of_invoice` date DEFAULT NULL,
  `customer` json NOT NULL,
  `subtotal` decimal(12,2) NOT NULL,
  `discount` decimal(12,2) DEFAULT NULL,
  `taxable_income` decimal(12,2) DEFAULT NULL,
  `tax_percentage` decimal(12,2) DEFAULT NULL,
  `tax` decimal(12,2) DEFAULT NULL,
  `total` decimal(12,2) NOT NULL,
  `total_usd` decimal(12,2) NOT NULL,
  `rate` decimal(12,2) NOT NULL,
  `customer_id` bigint unsigned NOT NULL,
  `user_id` bigint unsigned NOT NULL,
  `carrier_id` bigint NOT NULL DEFAULT '1',
  `date_early_pay` date DEFAULT NULL,
  `is_paid_on_time` tinyint(1) DEFAULT NULL,
  `status` enum('Aprobado','En revisión','Rechazado') COLLATE utf8mb4_unicode_ci NOT NULL DEFAULT 'En revisión',
  `is_paid` tinyint(1) DEFAULT NULL,
  `commission_is_paid` tinyint(1) DEFAULT NULL,
  `created_at` timestamp NULL DEFAULT NULL,
  `updated_at` timestamp NULL DEFAULT NULL,
  `deleted_at` timestamp NULL DEFAULT NULL,
  PRIMARY KEY (`id`),
  KEY `orders_customer_id_foreign` (`customer_id`),
  KEY `orders_user_id_foreign` (`user_id`),
  KEY `orders_document_type_id_foreign` (`document_type_id`),
  KEY `orders_currency_type_id_foreign` (`currency_type_id`),
  CONSTRAINT `orders_currency_type_id_foreign` FOREIGN KEY (`currency_type_id`) REFERENCES `currencies` (`id`),
  CONSTRAINT `orders_customer_id_foreign` FOREIGN KEY (`customer_id`) REFERENCES `people` (`id`),
  CONSTRAINT `orders_document_type_id_foreign` FOREIGN KEY (`document_type_id`) REFERENCES `document_types` (`id`),
  CONSTRAINT `orders_user_id_foreign` FOREIGN KEY (`user_id`) REFERENCES `users` (`id`)
) ENGINE=InnoDB AUTO_INCREMENT=12 DEFAULT CHARSET=utf8mb4 COLLATE=utf8mb4_unicode_ci;

-- Volcando datos para la tabla spc.orders: ~11 rows (aproximadamente)
INSERT IGNORE INTO `orders` (`id`, `uuid`, `document_type_id`, `order_number`, `currency_type_id`, `date_of_issue`, `date_of_due`, `date_of_invoice`, `customer`, `subtotal`, `discount`, `taxable_income`, `tax_percentage`, `tax`, `total`, `total_usd`, `rate`, `customer_id`, `user_id`, `carrier_id`, `date_early_pay`, `is_paid_on_time`, `status`, `is_paid`, `commission_is_paid`, `created_at`, `updated_at`, `deleted_at`) VALUES
	(1, 'b23d8db4-9765-11ed-881d-222b2004cae1', '02', '00001', 'VEF', '2023-01-18', '2023-01-18', NULL, '{"code": "00002", "uuid": "db6b475a-9353-11ed-992e-222b2004cae1", "email": "valentina02@example.com", "phone": "+633308557985", "credit": null, "locale": "Urica, Anzoátegui", "number": "E-04691952", "status": true, "address": "Paseo Gurule, 70, Bajos, 03323, Os Sáenz del Puerto", "contact": {"name": "Yeray Benítez", "email": "alexandra.alva@example.org", "phone": "+576902885150"}, "discounts": [{"id": 11, "for": "client", "value": 37756.8, "isAplied": false, "deleted_at": null, "percentage": 38, "description": "accusamus"}], "trade_name": "Balanced tertiary matrices", "assigned_price": "general", "credit_enabled": true, "max_credit_time": 5, "retention_percent": "82.00", "is_special_taxpayer": true}', 99360.00, 6955.20, 92404.80, NULL, 0.00, 92404.80, 4464.00, 20.70, 2, 2, 2, '2023-01-20', 0, 'En revisión', 1, NULL, '2023-01-18 19:24:15', '2023-02-07 19:30:43', NULL),
	(2, '59802964-9767-11ed-b9af-222b2004cae1', '02', '00002', 'VEF', '2023-01-18', '2023-01-19', NULL, '{"code": "00001", "uuid": "db6a6e20-9353-11ed-9846-222b2004cae1", "email": "quiroz.marina@example.net", "phone": "+904261953116", "credit": null, "locale": "Urica, Anzoátegui", "number": "E-67847464", "status": true, "address": "Plaza José Manuel, 54, 5º F, 02467, La Altamirano de Arriba", "contact": {"name": "Sra. Olivia Zepeda", "email": "jaime19@example.org", "phone": "+527084179881"}, "discounts": [], "trade_name": "Persistent bottom-line hierarchy", "assigned_price": "general", "credit_enabled": true, "max_credit_time": 6, "retention_percent": "12.00", "is_special_taxpayer": true}', 15198.98, 1823.86, 13375.12, NULL, NULL, 13375.12, 646.14, 20.70, 1, 2, 8, '2023-01-20', NULL, 'En revisión', NULL, NULL, '2023-01-18 19:36:05', '2023-01-18 19:36:05', NULL),
	(3, '8af50d9a-9823-11ed-ae8b-222b2004cae1', '02', '00003', 'VEF', '2023-01-19', '2023-01-19', NULL, '{"code": "00001", "uuid": "db6a6e20-9353-11ed-9846-222b2004cae1", "email": "quiroz.marina@example.net", "phone": "+904261953116", "credit": null, "locale": "Urica, Anzoátegui", "number": "E-67847464", "status": true, "address": "Plaza José Manuel, 54, 5º F, 02467, La Altamirano de Arriba", "contact": {"name": "Sra. Olivia Zepeda", "email": "jaime19@example.org", "phone": "+527084179881"}, "discounts": [], "trade_name": "Persistent bottom-line hierarchy", "assigned_price": "general", "credit_enabled": true, "max_credit_time": 6, "retention_percent": "12.00", "is_special_taxpayer": true}', 11900.02, 1428.00, 10472.02, NULL, NULL, 10472.02, 505.89, 20.70, 1, 2, 10, '2023-01-19', 0, 'En revisión', NULL, NULL, '2023-01-19 18:03:14', '2023-01-20 20:11:06', NULL),
	(4, '86487abe-98d4-11ed-8ae3-222b2004cae1', '02', '00004', 'VEF', '2023-01-20', '2023-01-20', NULL, '{"code": "00002", "uuid": "db6b475a-9353-11ed-992e-222b2004cae1", "email": "valentina02@example.com", "phone": "+633308557985", "credit": null, "locale": "Urica, Anzoátegui", "number": "E-04691952", "status": true, "address": "Paseo Gurule, 70, Bajos, 03323, Os Sáenz del Puerto", "contact": {"name": "Yeray Benítez", "email": "alexandra.alva@example.org", "phone": "+576902885150"}, "discounts": [{"id": 11, "type": "client", "value": 17454.65, "isAplied": true, "deleted_at": null, "percentage": 38, "description": "accusamus"}], "trade_name": "Balanced tertiary matrices", "assigned_price": "general", "credit_enabled": true, "max_credit_time": 5, "retention_percent": "82.00", "is_special_taxpayer": true}', 45933.30, 20669.98, 25263.32, NULL, 0.00, 25263.32, 1220.46, 20.70, 2, 2, 9, '2023-01-22', 0, 'En revisión', NULL, NULL, '2023-01-20 15:10:07', '2023-02-07 18:32:56', NULL),
	(5, '6c65032a-9b2b-11ed-aadf-222b2004cae1', '02', '00005', 'VEF', '2023-01-23', '2023-01-23', '2023-01-25', '{"code": "00003", "uuid": "db6c2b20-9353-11ed-bc1a-222b2004cae1", "email": "fierro.diana@example.net", "phone": "+37345142267", "credit": null, "locale": "Urica, Anzoátegui", "number": "E-04775423", "status": true, "address": "Praza César, 2, 9º F, 50083, Las Gutiérrez", "contact": {"name": "Dña Blanca Tafoya", "email": "svalle@example.com", "phone": "+354933509461"}, "discounts": [{"id": 3, "type": "client", "value": 74207.01, "isAplied": true, "deleted_at": null, "percentage": 45, "description": "officiis"}, {"id": 5, "type": "client", "value": null, "deleted_at": null, "percentage": 39, "description": "necessitatibus"}], "trade_name": "Realigned mobile moderator", "assigned_price": "general", "credit_enabled": true, "max_credit_time": 2, "retention_percent": "16.00", "is_special_taxpayer": true}', 164904.48, 93995.54, 70908.94, NULL, NULL, 70908.94, 3425.55, 20.70, 3, 3, 6, '2023-01-25', 1, 'Aprobado', 1, NULL, '2023-01-23 14:37:12', '2023-01-23 16:02:11', NULL),
	(6, 'f17f5e82-9b32-11ed-941c-222b2004cae1', '02', '00006', 'VEF', '2023-01-23', '2023-01-28', NULL, '{"code": "00002", "uuid": "db6b475a-9353-11ed-992e-222b2004cae1", "email": "valentina02@example.com", "phone": "+633308557985", "credit": null, "locale": "Urica, Anzoátegui", "number": "E-04691952", "status": true, "address": "Paseo Gurule, 70, Bajos, 03323, Os Sáenz del Puerto", "contact": {"name": "Yeray Benítez", "email": "alexandra.alva@example.org", "phone": "+576902885150"}, "discounts": [{"id": 11, "type": "client", "value": 6686.1, "isAplied": true, "deleted_at": null, "percentage": 38, "description": "accusamus"}], "trade_name": "Balanced tertiary matrices", "assigned_price": "general", "credit_enabled": true, "max_credit_time": 5, "retention_percent": "82.00", "is_special_taxpayer": true}', 17595.00, 7917.75, 9677.25, NULL, 0.00, 9677.25, 467.50, 20.70, 2, 2, 8, '2023-01-25', 0, 'En revisión', NULL, NULL, '2023-01-23 15:31:02', '2023-01-23 20:17:40', NULL),
	(7, '5ce73926-9c0d-11ed-91b4-222b2004cae1', '01', '00007', 'VEF', '2023-01-24', '2023-01-24', NULL, '{"code": "00002", "uuid": "db6b475a-9353-11ed-992e-222b2004cae1", "email": "valentina02@example.com", "phone": "+633308557985", "credit": null, "locale": "Urica, Anzoátegui", "number": "E-04691952", "status": true, "address": "Paseo Gurule, 70, Bajos, 03323, Os Sáenz del Puerto", "contact": {"name": "Yeray Benítez", "email": "alexandra.alva@example.org", "phone": "+576902885150"}, "discounts": [{"id": 11, "type": "client", "value": 778.73, "isAplied": true, "deleted_at": null, "percentage": 38, "description": "accusamus"}], "trade_name": "Balanced tertiary matrices", "assigned_price": "general", "credit_enabled": true, "max_credit_time": 5, "retention_percent": "82.00", "is_special_taxpayer": true}', 2049.30, 778.73, 1270.57, NULL, NULL, 1270.57, 61.38, 20.70, 2, 2, 8, '2023-01-23', NULL, 'En revisión', NULL, NULL, '2023-01-24 17:34:32', '2023-01-24 17:34:32', NULL),
	(8, 'b3553d8e-9c0e-11ed-83eb-222b2004cae1', '01', '00008', 'VEF', '2023-01-24', '2023-01-24', NULL, '{"code": "00002", "uuid": "db6b475a-9353-11ed-992e-222b2004cae1", "email": "valentina02@example.com", "phone": "+633308557985", "credit": null, "locale": "Urica, Anzoátegui", "number": "E-04691952", "status": true, "address": "Paseo Gurule, 70, Bajos, 03323, Os Sáenz del Puerto", "contact": {"name": "Yeray Benítez", "email": "alexandra.alva@example.org", "phone": "+576902885150"}, "discounts": [{"id": 11, "type": "client", "value": 1038.31, "isAplied": true, "deleted_at": null, "percentage": 38, "description": "accusamus"}], "trade_name": "Balanced tertiary matrices", "assigned_price": "general", "credit_enabled": true, "max_credit_time": 5, "retention_percent": "82.00", "is_special_taxpayer": true}', 2732.40, 1174.93, 1557.47, 16.00, NULL, 1806.66, 87.28, 20.70, 2, 2, 8, '2023-01-23', NULL, 'Aprobado', NULL, NULL, '2023-01-24 17:44:07', '2023-01-24 17:44:07', NULL),
	(9, '93f50df8-9cc1-11ed-b242-222b2004cae1', '01', '00009', 'VEF', '2023-01-25', '2023-01-31', '2023-02-07', '{"code": "00001", "uuid": "db6a6e20-9353-11ed-9846-222b2004cae1", "email": "quiroz.marina@example.net", "phone": "+904261953116", "credit": null, "locale": "Urica, Anzoátegui", "number": "E-67847464", "status": true, "address": "Plaza José Manuel, 54, 5º F, 02467, La Altamirano de Arriba", "contact": {"name": "Sra. Olivia Zepeda", "email": "jaime19@example.org", "phone": "+527084179881"}, "discounts": [], "trade_name": "Persistent bottom-line hierarchy", "assigned_price": "general", "credit_enabled": true, "max_credit_time": 6, "retention_percent": "12.00", "is_special_taxpayer": true}', 15198.98, 0.00, 15198.98, 16.00, 2431.83, 17630.81, 851.73, 20.70, 1, 2, 1, '2023-01-27', 0, 'Aprobado', 1, NULL, '2023-01-25 15:04:34', '2023-02-07 19:45:27', NULL),
	(10, 'f120abd4-a8a8-11ed-b26d-222b2004cae1', '01', '00010', 'VEF', '2023-02-09', '2023-02-09', NULL, '{"code": "00001", "uuid": "db6a6e20-9353-11ed-9846-222b2004cae1", "email": "quiroz.marina@example.net", "phone": "+904261953116", "credit": null, "locale": "Urica, Anzoátegui", "number": "E-67847464", "status": true, "address": "Plaza José Manuel, 54, 5º F, 02467, La Altamirano de Arriba", "contact": {"name": "Sra. Olivia Zepeda", "email": "jaime19@example.org", "phone": "+527084179881"}, "discounts": [], "trade_name": "Persistent bottom-line hierarchy", "assigned_price": "general", "credit_enabled": true, "max_credit_time": 6, "retention_percent": "12.00", "is_special_taxpayer": true}', 43679.06, 0.00, 43679.06, 16.00, NULL, 50667.70, 2189.62, 23.14, 1, 2, 9, '2023-02-11', NULL, 'En revisión', 1, NULL, '2023-02-09 18:38:27', '2023-02-09 18:38:27', NULL),
	(11, '51bd6932-a8a9-11ed-8f41-222b2004cae1', '01', '00011', 'VEF', '2023-02-09', '2023-02-12', NULL, '{"code": "00006", "uuid": "db6eb138-9353-11ed-92ca-222b2004cae1", "email": "mpedraza@example.com", "phone": "+221121733331", "credit": null, "locale": "Papelón, Portuguesa", "number": "V-22743275", "status": true, "address": "Ruela Figueroa, 85, 58º B, 21086, El Serra", "contact": {"name": "Antonio Guillen Hijo", "email": "osorio.cristian@example.com", "phone": "+85303725436"}, "discounts": [{"id": 6, "type": "client", "value": null, "deleted_at": null, "percentage": 25, "description": "rerum"}], "trade_name": "Open-architected value-added website", "assigned_price": "general", "credit_enabled": true, "max_credit_time": 8, "retention_percent": "45.00", "is_special_taxpayer": true}', 81374.13, 0.00, 81374.13, 16.00, NULL, 94393.99, 4079.26, 23.14, 6, 3, 8, '2023-02-11', 1, 'En revisión', 1, NULL, '2023-02-09 18:41:09', '2023-02-09 18:45:45', NULL);

-- Volcando estructura para tabla spc.order_documents
CREATE TABLE IF NOT EXISTS `order_documents` (
  `id` bigint unsigned NOT NULL AUTO_INCREMENT,
  `document_number` bigint(8) unsigned zerofill NOT NULL,
  `pdf` varchar(255) COLLATE utf8mb4_unicode_ci DEFAULT NULL,
  `date_of_issue` date NOT NULL,
  `date_of_due` date NOT NULL,
  `order_id` bigint unsigned NOT NULL,
  `created_at` timestamp NULL DEFAULT NULL,
  `updated_at` timestamp NULL DEFAULT NULL,
  PRIMARY KEY (`id`),
  UNIQUE KEY `order_documents_document_number_unique` (`document_number`),
  KEY `order_documents_order_id_foreign` (`order_id`),
  CONSTRAINT `order_documents_order_id_foreign` FOREIGN KEY (`order_id`) REFERENCES `orders` (`id`) ON DELETE CASCADE
) ENGINE=InnoDB DEFAULT CHARSET=utf8mb4 COLLATE=utf8mb4_unicode_ci;

-- Volcando datos para la tabla spc.order_documents: ~0 rows (aproximadamente)

-- Volcando estructura para tabla spc.order_items
CREATE TABLE IF NOT EXISTS `order_items` (
  `id` bigint unsigned NOT NULL AUTO_INCREMENT,
  `item` json NOT NULL,
  `qty` int NOT NULL,
  `currency_type_id` char(10) COLLATE utf8mb4_unicode_ci NOT NULL,
  `unit_price_usd` decimal(12,2) NOT NULL,
  `unit_price` decimal(12,2) NOT NULL,
  `total` decimal(12,2) NOT NULL,
  `order_id` bigint unsigned NOT NULL,
  `item_id` bigint unsigned NOT NULL,
  `created_at` timestamp NULL DEFAULT NULL,
  `updated_at` timestamp NULL DEFAULT NULL,
  `deleted_at` timestamp NULL DEFAULT NULL,
  PRIMARY KEY (`id`),
  KEY `order_items_order_id_foreign` (`order_id`),
  KEY `order_items_item_id_foreign` (`item_id`),
  KEY `order_items_currency_type_id_foreign` (`currency_type_id`),
  CONSTRAINT `order_items_currency_type_id_foreign` FOREIGN KEY (`currency_type_id`) REFERENCES `currencies` (`id`),
  CONSTRAINT `order_items_item_id_foreign` FOREIGN KEY (`item_id`) REFERENCES `products` (`id`),
  CONSTRAINT `order_items_order_id_foreign` FOREIGN KEY (`order_id`) REFERENCES `orders` (`id`) ON DELETE CASCADE
) ENGINE=InnoDB AUTO_INCREMENT=19 DEFAULT CHARSET=utf8mb4 COLLATE=utf8mb4_unicode_ci;

-- Volcando datos para la tabla spc.order_items: ~18 rows (aproximadamente)
INSERT IGNORE INTO `order_items` (`id`, `item`, `qty`, `currency_type_id`, `unit_price_usd`, `unit_price`, `total`, `order_id`, `item_id`, `created_at`, `updated_at`, `deleted_at`) VALUES
	(1, '{"sku": "12566", "name": "Parachoques frontal vitara 2005", "unit": "Unidades", "uuid": "d7d9118a-9353-11ed-aa19-222b2004cae1", "brand": {"name": "Duncan", "uuid": "d7cb4d70-9353-11ed-a470-222b2004cae1"}, "files": "http://spc.test/storage/products/1924.jpg", "stock": 150, "category": {"name": "Sin categoria", "uuid": "d7c44d90-9353-11ed-a9c5-222b2004cae1"}, "discount": null, "full_name": "12566 - Parachoques frontal vitara 2005", "stock_min": 50, "description": null, "second_name": "Parachoques frontal vitara 2005", "discount_as_of": 31, "sale_unit_price": 150, "currency_type_id": "USD"}', 32, 'VEF', 150.00, 3105.00, 99360.00, 1, 1, '2023-01-18 19:24:15', '2023-01-18 19:24:15', NULL),
	(2, '{"sku": "12569", "name": "Caucho michellin 17\\"", "unit": "Unidades", "uuid": "d7e00b8e-9353-11ed-ace0-222b2004cae1", "brand": {"name": "Suzuki", "uuid": "d7cbabd0-9353-11ed-aa4f-222b2004cae1"}, "files": "http://spc.test/storage/products/s-l300.jpg", "stock": 600, "category": {"name": "Electricidad", "uuid": "d7c592ea-9353-11ed-a709-222b2004cae1"}, "discount": {"value": 1878.52, "is_applied": true, "percentage": 11, "description": "Descuento por volumen"}, "full_name": "12569 - Caucho michellin 17\\"", "stock_min": 50, "description": null, "second_name": "Caucho michellin 17\\"", "discount_as_of": 24, "sale_unit_price": 33, "currency_type_id": "USD"}', 25, 'VEF', 33.00, 683.10, 15198.98, 2, 4, '2023-01-18 19:36:05', '2023-01-18 19:36:05', NULL),
	(3, '{"sku": "002", "name": "Repudiandae et et.", "unit": "Yardas", "uuid": "d7e54004-9353-11ed-93b5-222b2004cae1", "brand": {"name": "Sin marca", "uuid": "d7ca091a-9353-11ed-8886-222b2004cae1"}, "files": "https://picsum.photos/id/708/1500/900", "stock": 100, "category": {"name": "Carroceria", "uuid": "d7c4d4e0-9353-11ed-b975-222b2004cae1"}, "discount": null, "full_name": "002 - Repudiandae et et.", "stock_min": 90, "description": "Inventore autem voluptatem deleniti similique quos quaerat. Delectus nostrum dignissimos qui ipsa sunt odit. Asperiores quas quo vel et illo vitae.", "second_name": "Et qui est.", "discount_as_of": 0, "sale_unit_price": 93.72, "currency_type_id": "USD"}', 4, 'VEF', 93.72, 1940.00, 7760.02, 3, 7, '2023-01-19 18:03:14', '2023-01-19 18:03:14', NULL),
	(4, '{"sku": "12568", "name": "bateria duncan 800watts", "unit": "Unidades", "uuid": "d7de041a-9353-11ed-915d-222b2004cae1", "brand": {"name": "Unipoint", "uuid": "d7cb07ac-9353-11ed-a577-222b2004cae1"}, "files": "http://spc.test/storage/products/duncanlibremantenimiento.png", "stock": 250, "category": {"name": "Mecanica", "uuid": "d7c53660-9353-11ed-b7b5-222b2004cae1"}, "discount": {"value": null, "is_applied": false, "percentage": 9, "description": "Descuento por volumen"}, "full_name": "12568 - bateria duncan 800watts", "stock_min": 50, "description": null, "second_name": "bateria duncan 800watts", "discount_as_of": 19, "sale_unit_price": 50, "currency_type_id": "USD"}', 4, 'VEF', 50.00, 1035.00, 4140.00, 3, 3, '2023-01-19 18:03:14', '2023-01-19 18:03:14', NULL),
	(5, '{"sku": "566", "name": "Rerum esse neque ab.", "unit": "Caja", "uuid": "d7e3a1d6-9353-11ed-b70e-222b2004cae1", "brand": {"name": "sint", "uuid": "d7cccdf8-9353-11ed-b16e-222b2004cae1"}, "files": "https://picsum.photos/id/255/1500/900", "stock": 100, "category": {"name": "Sin categoria", "uuid": "d7c44d90-9353-11ed-a9c5-222b2004cae1"}, "discount": null, "full_name": "566 - Rerum esse neque ab.", "stock_min": 88, "description": "Quisquam sapiente quia saepe ut non ullam similique. Porro non sequi non inventore molestias. Vero esse nam sapiente dolorum.", "second_name": "Iste illum perspiciatis at.", "discount_as_of": 0, "sale_unit_price": 221.9, "currency_type_id": "USD"}', 10, 'VEF', 221.90, 4593.33, 45933.30, 4, 5, '2023-01-20 15:10:07', '2023-01-20 15:10:07', NULL),
	(6, '{"sku": "12566", "name": "Parachoques frontal vitara 2005", "unit": "Unidades", "uuid": "d7d9118a-9353-11ed-aa19-222b2004cae1", "brand": {"name": "Duncan", "uuid": "d7cb4d70-9353-11ed-a470-222b2004cae1"}, "files": "http://spc.test/storage/products/1924.jpg", "stock": 118, "category": {"name": "Sin categoria", "uuid": "d7c44d90-9353-11ed-a9c5-222b2004cae1"}, "discount": null, "full_name": "12566 - Parachoques frontal vitara 2005", "stock_min": 50, "description": null, "second_name": "Parachoques frontal vitara 2005", "discount_as_of": 31, "sale_unit_price": 150, "currency_type_id": "USD"}', 32, 'VEF', 150.00, 3105.00, 99360.00, 5, 1, '2023-01-23 14:37:12', '2023-01-23 14:37:12', NULL),
	(7, '{"sku": "010", "name": "Consequatur et velit veniam.", "unit": "Pies", "uuid": "d7e853de-9353-11ed-9ef5-222b2004cae1", "brand": {"name": "Sin marca", "uuid": "d7ca091a-9353-11ed-8886-222b2004cae1"}, "files": "https://picsum.photos/id/344/1500/900", "stock": 100, "category": {"name": "Sin categoria", "uuid": "d7c44d90-9353-11ed-a9c5-222b2004cae1"}, "discount": null, "full_name": "010 - Consequatur et velit veniam.", "stock_min": 31, "description": "Perspiciatis est sed non consequatur provident ad quia. Maiores optio recusandae quo sint molestias. Ut aliquid eos at qui.", "second_name": "Sunt harum voluptatibus cum.", "discount_as_of": 0, "sale_unit_price": 158.32, "currency_type_id": "USD"}', 20, 'VEF', 158.32, 3277.22, 65544.48, 5, 11, '2023-01-23 14:37:12', '2023-01-23 14:37:12', NULL),
	(8, '{"sku": "12568", "name": "bateria duncan 800watts", "unit": "Unidades", "uuid": "d7de041a-9353-11ed-915d-222b2004cae1", "brand": {"name": "Unipoint", "uuid": "d7cb07ac-9353-11ed-a577-222b2004cae1"}, "files": "http://spc.test/storage/products/duncanlibremantenimiento.png", "stock": 246, "category": {"name": "Mecanica", "uuid": "d7c53660-9353-11ed-b7b5-222b2004cae1"}, "discount": {"value": null, "is_applied": false, "percentage": 9, "description": "Descuento por volumen"}, "full_name": "12568 - bateria duncan 800watts", "stock_min": 50, "description": null, "second_name": "bateria duncan 800watts", "discount_as_of": 19, "sale_unit_price": 50, "currency_type_id": "USD"}', 17, 'VEF', 50.00, 1035.00, 17595.00, 6, 3, '2023-01-23 15:31:02', '2023-01-23 15:31:02', NULL),
	(9, '{"sku": "12569", "name": "Caucho michellin 17\\"", "unit": "Unidades", "uuid": "d7e00b8e-9353-11ed-ace0-222b2004cae1", "brand": {"name": "Suzuki", "uuid": "d7cbabd0-9353-11ed-aa4f-222b2004cae1"}, "files": "http://spc.test/storage/products/s-l300.jpg", "stock": 575, "category": {"name": "Electricidad", "uuid": "d7c592ea-9353-11ed-a709-222b2004cae1"}, "discount": {"value": null, "is_applied": false, "percentage": 11, "description": "Descuento por volumen"}, "full_name": "12569 - Caucho michellin 17\\"", "stock_min": 50, "description": null, "second_name": "Caucho michellin 17\\"", "discount_as_of": 24, "sale_unit_price": 33, "currency_type_id": "USD"}', 3, 'VEF', 33.00, 683.10, 2049.30, 7, 4, '2023-01-24 17:34:32', '2023-01-24 17:34:32', NULL),
	(10, '{"sku": "12569", "name": "Caucho michellin 17\\"", "unit": "Unidades", "uuid": "d7e00b8e-9353-11ed-ace0-222b2004cae1", "brand": {"name": "Suzuki", "uuid": "d7cbabd0-9353-11ed-aa4f-222b2004cae1"}, "files": "http://spc.test/storage/products/s-l300.jpg", "stock": 572, "category": {"name": "Electricidad", "uuid": "d7c592ea-9353-11ed-a709-222b2004cae1"}, "discount": {"value": null, "is_applied": false, "percentage": 11, "description": "Descuento por volumen"}, "full_name": "12569 - Caucho michellin 17\\"", "stock_min": 50, "description": null, "second_name": "Caucho michellin 17\\"", "discount_as_of": 24, "sale_unit_price": 33, "currency_type_id": "USD"}', 2, 'VEF', 33.00, 683.10, 1366.20, 8, 4, '2023-01-24 17:44:07', '2023-01-24 17:44:07', NULL),
	(11, '{"sku": "12569", "name": "Caucho michellin 17\\"", "unit": "Unidades", "uuid": "d7e00b8e-9353-11ed-ace0-222b2004cae1", "brand": {"name": "Suzuki", "uuid": "d7cbabd0-9353-11ed-aa4f-222b2004cae1"}, "files": "http://spc.test/storage/products/s-l300.jpg", "stock": 572, "category": {"name": "Electricidad", "uuid": "d7c592ea-9353-11ed-a709-222b2004cae1"}, "discount": {"value": null, "is_applied": false, "percentage": 11, "description": "Descuento por volumen"}, "full_name": "12569 - Caucho michellin 17\\"", "stock_min": 50, "description": null, "second_name": "Caucho michellin 17\\"", "discount_as_of": 24, "sale_unit_price": 33, "currency_type_id": "USD"}', 2, 'VEF', 33.00, 683.10, 1366.20, 8, 4, '2023-01-24 17:44:07', '2023-01-24 17:44:07', NULL),
	(12, '{"sku": "12569", "name": "Caucho michellin 17\\"", "unit": "Unidades", "uuid": "d7e00b8e-9353-11ed-ace0-222b2004cae1", "brand": {"name": "Suzuki", "uuid": "d7cbabd0-9353-11ed-aa4f-222b2004cae1"}, "files": "http://spc.test/storage/products/s-l300.jpg", "stock": 568, "category": {"name": "Electricidad", "uuid": "d7c592ea-9353-11ed-a709-222b2004cae1"}, "discount": {"value": 1878.52, "is_applied": true, "percentage": 11, "description": "Descuento por volumen"}, "full_name": "12569 - Caucho michellin 17\\"", "stock_min": 50, "description": null, "second_name": "Caucho michellin 17\\"", "discount_as_of": 24, "sale_unit_price": 33, "currency_type_id": "USD"}', 25, 'VEF', 33.00, 683.10, 15198.98, 9, 4, '2023-01-25 15:04:34', '2023-01-25 15:04:34', NULL),
	(13, '{"sku": "12567", "name": "Faros frontales cheyenne 2007", "unit": "Unidades", "uuid": "d7dc09e4-9353-11ed-abfa-222b2004cae1", "brand": {"name": "Ford", "uuid": "d7ca7d32-9353-11ed-9c20-222b2004cae1"}, "files": "http://spc.test/storage/products/CHEYENNE+2005-amx1595959531675910-500x375.jpg", "stock": 250, "category": {"name": "Sin categoria", "uuid": "d7c44d90-9353-11ed-a9c5-222b2004cae1"}, "discount": {"value": null, "is_applied": false, "percentage": 7, "description": "Descuento por volumen"}, "full_name": "12567 - Faros frontales cheyenne 2007", "stock_min": 50, "description": null, "second_name": "Faros frontales cheyenne 2007", "discount_as_of": 16, "sale_unit_price": 50, "currency_type_id": "USD"}', 5, 'VEF', 50.00, 1157.00, 5785.00, 10, 2, '2023-02-09 18:38:27', '2023-02-09 18:38:27', NULL),
	(14, '{"sku": "12566", "name": "Parachoques frontal vitara 2005", "unit": "Unidades", "uuid": "d7d9118a-9353-11ed-aa19-222b2004cae1", "brand": {"name": "Duncan", "uuid": "d7cb4d70-9353-11ed-a470-222b2004cae1"}, "files": "http://spc.test/storage/products/1924.jpg", "stock": 86, "category": {"name": "Sin categoria", "uuid": "d7c44d90-9353-11ed-a9c5-222b2004cae1"}, "discount": {"value": null, "is_applied": false, "percentage": 8, "description": "Descuento por volumen"}, "full_name": "12566 - Parachoques frontal vitara 2005", "stock_min": 50, "description": null, "second_name": "Parachoques frontal vitara 2005", "discount_as_of": 31, "sale_unit_price": 150, "currency_type_id": "USD"}', 5, 'VEF', 150.00, 3471.00, 17355.00, 10, 1, '2023-02-09 18:38:27', '2023-02-09 18:38:27', NULL),
	(15, '{"sku": "566", "name": "Rerum esse neque ab.", "unit": "Caja", "uuid": "d7e3a1d6-9353-11ed-b70e-222b2004cae1", "brand": {"name": "sint", "uuid": "d7cccdf8-9353-11ed-b16e-222b2004cae1"}, "files": "https://picsum.photos/id/255/1500/900", "stock": 90, "category": {"name": "Sin categoria", "uuid": "d7c44d90-9353-11ed-a9c5-222b2004cae1"}, "discount": null, "full_name": "566 - Rerum esse neque ab.", "stock_min": 88, "description": "Quisquam sapiente quia saepe ut non ullam similique. Porro non sequi non inventore molestias. Vero esse nam sapiente dolorum.", "second_name": "Iste illum perspiciatis at.", "discount_as_of": 0, "sale_unit_price": 221.9, "currency_type_id": "USD"}', 4, 'VEF', 221.90, 5134.77, 20539.06, 10, 5, '2023-02-09 18:38:27', '2023-02-09 18:38:27', NULL),
	(16, '{"sku": "239", "name": "Reiciendis non amet.", "unit": "Litros", "uuid": "d7e78b70-9353-11ed-9ed5-222b2004cae1", "brand": {"name": "Chevrolet", "uuid": "d7cac7e2-9353-11ed-a551-222b2004cae1"}, "files": "https://picsum.photos/id/158/1500/900", "stock": 100, "category": {"name": "Sin categoria", "uuid": "d7c44d90-9353-11ed-a9c5-222b2004cae1"}, "discount": null, "full_name": "239 - Reiciendis non amet.", "stock_min": 70, "description": "Fugiat laboriosam dolore aut distinctio accusamus. Sunt similique labore labore exercitationem ut harum. Et quibusdam quam aliquid illo laboriosam. Totam minus saepe quam doloremque vel vel perferendis nobis.", "second_name": "Sapiente ipsa voluptatem veniam sapiente.", "discount_as_of": 0, "sale_unit_price": 23.19, "currency_type_id": "USD"}', 4, 'VEF', 23.19, 536.62, 2146.47, 11, 10, '2023-02-09 18:41:09', '2023-02-09 18:41:09', NULL),
	(17, '{"sku": "554", "name": "Eum quasi earum.", "unit": "Yardas", "uuid": "d7ee66c0-9353-11ed-95e9-222b2004cae1", "brand": {"name": "dignissimos", "uuid": "d7cc73da-9353-11ed-a7ee-222b2004cae1"}, "files": "https://picsum.photos/id/552/1500/900", "stock": 100, "category": {"name": "est", "uuid": "d7c7b318-9353-11ed-856e-222b2004cae1"}, "discount": null, "full_name": "554 - Eum quasi earum.", "stock_min": 60, "description": "Sed sed maxime mollitia et. Ipsam enim reprehenderit dolores. Tempora porro sunt rerum nobis est. Dolorem earum omnis vel temporibus consequuntur voluptatem.", "second_name": "Sunt minus sit in architecto.", "discount_as_of": 0, "sale_unit_price": 860.65, "currency_type_id": "USD"}', 2, 'VEF', 860.65, 19915.44, 39830.88, 11, 19, '2023-02-09 18:41:09', '2023-02-09 18:41:09', NULL),
	(18, '{"sku": "155", "name": "Sapiente vel tempora.", "unit": "Pulgadas", "uuid": "d7f3b90e-9353-11ed-80f9-222b2004cae1", "brand": {"name": "quia", "uuid": "d7cd1600-9353-11ed-9c2b-222b2004cae1"}, "files": "https://picsum.photos/id/768/1500/900", "stock": 100, "category": {"name": "Mecanica", "uuid": "d7c53660-9353-11ed-b7b5-222b2004cae1"}, "discount": null, "full_name": "155 - Sapiente vel tempora.", "stock_min": 57, "description": "Deserunt omnis voluptatem ad cumque tempora. Ut et deleniti quos mollitia rerum. Molestiae consequuntur sit adipisci ut. Mollitia et recusandae ipsum tempora dolor cum.", "second_name": "Illo eius voluptas ut similique voluptates.", "discount_as_of": 0, "sale_unit_price": 851.27, "currency_type_id": "USD"}', 2, 'VEF', 851.27, 19698.39, 39396.78, 11, 28, '2023-02-09 18:41:09', '2023-02-09 18:41:09', NULL);

-- Volcando estructura para tabla spc.order_notes
CREATE TABLE IF NOT EXISTS `order_notes` (
  `id` bigint unsigned NOT NULL AUTO_INCREMENT,
  `state_type_id` char(2) COLLATE utf8mb4_unicode_ci NOT NULL,
  `description` varchar(191) COLLATE utf8mb4_unicode_ci DEFAULT NULL,
  `order_id` bigint unsigned NOT NULL,
  `user_id` bigint unsigned NOT NULL,
  `created_at` timestamp NULL DEFAULT NULL,
  `updated_at` timestamp NULL DEFAULT NULL,
  PRIMARY KEY (`id`),
  KEY `order_notes_order_id_foreign` (`order_id`),
  KEY `order_notes_user_id_foreign` (`user_id`),
  KEY `order_notes_state_type_id_foreign` (`state_type_id`),
  CONSTRAINT `order_notes_order_id_foreign` FOREIGN KEY (`order_id`) REFERENCES `orders` (`id`) ON DELETE CASCADE,
  CONSTRAINT `order_notes_state_type_id_foreign` FOREIGN KEY (`state_type_id`) REFERENCES `state_types` (`id`),
  CONSTRAINT `order_notes_user_id_foreign` FOREIGN KEY (`user_id`) REFERENCES `users` (`id`)
) ENGINE=InnoDB AUTO_INCREMENT=80 DEFAULT CHARSET=utf8mb4 COLLATE=utf8mb4_unicode_ci;

-- Volcando datos para la tabla spc.order_notes: ~79 rows (aproximadamente)
INSERT IGNORE INTO `order_notes` (`id`, `state_type_id`, `description`, `order_id`, `user_id`, `created_at`, `updated_at`) VALUES
	(1, '08', 'Procesado', 1, 2, '2023-01-18 19:24:15', '2023-01-18 19:24:15'),
	(2, '08', 'Procesado', 2, 2, '2023-01-18 19:36:05', '2023-01-18 19:36:05'),
	(3, '08', 'Procesado', 3, 2, '2023-01-19 18:03:14', '2023-01-19 18:03:14'),
	(4, '05', 'pago agregado - ref: 124578996', 3, 1, '2023-01-19 18:13:00', '2023-01-19 18:13:00'),
	(5, '08', 'Procesado', 4, 2, '2023-01-20 15:10:07', '2023-01-20 15:10:07'),
	(6, '05', 'pago agregado - ref: 14785216', 4, 2, '2023-01-20 15:38:44', '2023-01-20 15:38:44'),
	(7, '05', 'pago agregado - ref: 787454878', 3, 2, '2023-01-20 16:15:46', '2023-01-20 16:15:46'),
	(8, '06', 'pago aprobado - ref: 14785216', 4, 1, '2023-01-20 18:41:23', '2023-01-20 18:41:23'),
	(9, '06', 'pago aprobado - ref: 14785216', 4, 1, '2023-01-20 19:05:20', '2023-01-20 19:05:20'),
	(10, '06', 'pago aprobado - ref: 14785216', 4, 1, '2023-01-20 19:21:35', '2023-01-20 19:21:35'),
	(11, '06', 'pago aprobado - ref: 14785216', 4, 1, '2023-01-20 19:25:56', '2023-01-20 19:25:56'),
	(12, '06', 'pago aprobado - ref: 14785216', 4, 1, '2023-01-20 19:29:39', '2023-01-20 19:29:39'),
	(13, '06', 'pago aprobado - ref: 14785216', 4, 1, '2023-01-20 19:46:41', '2023-01-20 19:46:41'),
	(14, '07', 'pago rechazado - ref: 124578996', 3, 1, '2023-01-20 19:53:58', '2023-01-20 19:53:58'),
	(15, '06', 'pago aprobado - ref: 787454878', 3, 1, '2023-01-20 19:57:18', '2023-01-20 19:57:18'),
	(16, '06', 'pago aprobado - ref: 787454878', 3, 1, '2023-01-20 20:03:43', '2023-01-20 20:03:43'),
	(17, '06', 'pago aprobado - ref: 787454878', 3, 1, '2023-01-20 20:06:51', '2023-01-20 20:06:51'),
	(18, '06', 'pago aprobado - ref: 787454878', 3, 1, '2023-01-20 20:11:06', '2023-01-20 20:11:06'),
	(19, '08', 'Procesado', 5, 2, '2023-01-23 14:37:12', '2023-01-23 14:37:12'),
	(20, '05', 'pago agregado - ref: 1478523', 5, 1, '2023-01-23 15:10:44', '2023-01-23 15:10:44'),
	(21, '06', 'pago aprobado - ref: 1478523', 5, 1, '2023-01-23 15:11:28', '2023-01-23 15:11:28'),
	(22, '08', 'Procesado', 6, 2, '2023-01-23 15:31:02', '2023-01-23 15:31:02'),
	(23, '06', 'pago aprobado - ref: 1478523', 5, 1, '2023-01-23 15:37:59', '2023-01-23 15:37:59'),
	(24, '06', 'pago aprobado - ref: 1478523', 5, 1, '2023-01-23 15:57:32', '2023-01-23 15:57:32'),
	(25, '06', 'pago aprobado - ref: 1478523', 5, 1, '2023-01-23 16:02:11', '2023-01-23 16:02:11'),
	(26, '05', 'pago agregado - ref: 14785', 6, 1, '2023-01-23 16:06:21', '2023-01-23 16:06:21'),
	(27, '06', 'pago aprobado - ref: 14785', 6, 1, '2023-01-23 16:07:08', '2023-01-23 16:07:08'),
	(28, '06', 'pago aprobado - ref: 14785', 6, 1, '2023-01-23 20:17:40', '2023-01-23 20:17:40'),
	(29, '08', 'Procesado', 7, 2, '2023-01-24 17:34:32', '2023-01-24 17:34:32'),
	(30, '05', 'pago agregado - ref: 124578963', 7, 2, '2023-01-24 17:40:18', '2023-01-24 17:40:18'),
	(31, '08', 'Procesado', 8, 2, '2023-01-24 17:44:07', '2023-01-24 17:44:07'),
	(32, '05', 'pago agregado - ref: 1245', 8, 2, '2023-01-24 17:51:54', '2023-01-24 17:51:54'),
	(33, '06', 'pago aprobado - ref: 1245', 8, 1, '2023-01-24 18:02:40', '2023-01-24 18:02:40'),
	(34, '06', 'pago aprobado - ref: 1245', 8, 1, '2023-01-24 19:04:18', '2023-01-24 19:04:18'),
	(35, '06', 'pago aprobado - ref: 1245', 8, 1, '2023-01-24 19:05:39', '2023-01-24 19:05:39'),
	(36, '08', 'Procesado', 9, 2, '2023-01-25 15:04:34', '2023-01-25 15:04:34'),
	(37, '05', 'pago agregado - ref: 147339', 9, 2, '2023-01-25 15:05:08', '2023-01-25 15:05:08'),
	(38, '06', 'pago aprobado - ref: 147339', 9, 1, '2023-01-25 15:25:51', '2023-01-25 15:25:51'),
	(39, '06', 'pago aprobado - ref: 147339', 9, 1, '2023-01-25 18:07:48', '2023-01-25 18:07:48'),
	(40, '05', 'pago agregado - ref: 124578', 9, 1, '2023-02-06 18:32:23', '2023-02-06 18:32:23'),
	(41, '05', 'pago agregado - ref: 11245789632', 8, 1, '2023-02-06 19:50:08', '2023-02-06 19:50:08'),
	(42, '05', 'pago agregado - ref: 12345679', 8, 1, '2023-02-06 19:52:42', '2023-02-06 19:52:42'),
	(43, '05', 'pago agregado - ref: 1478523', 8, 1, '2023-02-06 19:54:05', '2023-02-06 19:54:05'),
	(44, '05', 'pago agregado - ref: 154878', 8, 1, '2023-02-06 19:58:51', '2023-02-06 19:58:51'),
	(45, '05', 'pago agregado - ref: 14477788', 8, 1, '2023-02-06 20:01:43', '2023-02-06 20:01:43'),
	(46, '06', 'pago aprobado - ref: 14477788', 8, 1, '2023-02-06 20:03:15', '2023-02-06 20:03:15'),
	(47, '05', 'pago agregado - ref: 9794613', 7, 1, '2023-02-07 14:43:23', '2023-02-07 14:43:23'),
	(48, '06', 'pago aprobado - ref: 9794613', 7, 1, '2023-02-07 14:43:30', '2023-02-07 14:43:30'),
	(49, '05', 'pago agregado - ref: 122348878', 6, 1, '2023-02-07 18:19:00', '2023-02-07 18:19:00'),
	(50, '06', 'pago aprobado - ref: 122348878', 6, 1, '2023-02-07 18:21:23', '2023-02-07 18:21:23'),
	(51, '06', 'pago aprobado - ref: 14785216', 4, 1, '2023-02-07 18:32:56', '2023-02-07 18:32:56'),
	(52, '05', 'pago agregado - ref: 12245478', 4, 1, '2023-02-07 18:36:25', '2023-02-07 18:36:25'),
	(53, '06', 'pago aprobado - ref: 12245478', 4, 1, '2023-02-07 18:36:29', '2023-02-07 18:36:29'),
	(54, '05', 'pago agregado - ref: 124714', 4, 1, '2023-02-07 18:39:39', '2023-02-07 18:39:39'),
	(55, '06', 'pago aprobado - ref: 124714', 4, 1, '2023-02-07 18:39:49', '2023-02-07 18:39:49'),
	(56, '05', 'pago agregado - ref: 12457', 1, 1, '2023-02-07 18:45:34', '2023-02-07 18:45:34'),
	(57, '05', 'pago agregado - ref: 125336', 1, 1, '2023-02-07 18:48:19', '2023-02-07 18:48:19'),
	(58, '05', 'pago agregado - ref: 422412488', 1, 1, '2023-02-07 18:50:02', '2023-02-07 18:50:02'),
	(59, '06', 'pago aprobado - ref: 422412488', 1, 1, '2023-02-07 18:50:05', '2023-02-07 18:50:05'),
	(60, '05', 'pago agregado - ref: 1234488', 1, 1, '2023-02-07 18:54:07', '2023-02-07 18:54:07'),
	(61, '06', 'pago aprobado - ref: 1234488', 1, 1, '2023-02-07 18:54:14', '2023-02-07 18:54:14'),
	(62, '05', 'pago agregado - ref: 12345678', 1, 1, '2023-02-07 19:04:00', '2023-02-07 19:04:00'),
	(63, '06', 'pago aprobado - ref: 12345678', 1, 1, '2023-02-07 19:04:03', '2023-02-07 19:04:03'),
	(64, '06', 'pago aprobado - ref: 12345678', 1, 1, '2023-02-07 19:23:17', '2023-02-07 19:23:17'),
	(65, '06', 'pago aprobado - ref: 12345678', 1, 1, '2023-02-07 19:26:42', '2023-02-07 19:26:42'),
	(66, '05', 'pago agregado - ref: 1234578', 1, 1, '2023-02-07 19:27:56', '2023-02-07 19:27:56'),
	(67, '06', 'pago aprobado - ref: 1234578', 1, 1, '2023-02-07 19:27:59', '2023-02-07 19:27:59'),
	(68, '06', 'pago aprobado - ref: 1234578', 1, 1, '2023-02-07 19:30:43', '2023-02-07 19:30:43'),
	(69, '01', 'Se completo el pedido, Factura #00001', 9, 1, '2023-02-07 19:45:27', '2023-02-07 19:45:27'),
	(70, '01', 'Se completo el pedido, Factura #00002', 9, 1, '2023-02-07 19:47:44', '2023-02-07 19:47:44'),
	(71, '01', 'Se completo el pedido, Factura #00003', 9, 1, '2023-02-07 20:01:33', '2023-02-07 20:01:33'),
	(72, '08', 'Procesado', 10, 2, '2023-02-09 18:38:27', '2023-02-09 18:38:27'),
	(73, '08', 'Procesado', 11, 3, '2023-02-09 18:41:09', '2023-02-09 18:41:09'),
	(74, '05', 'pago agregado - ref: 14785231', 11, 3, '2023-02-09 18:44:44', '2023-02-09 18:44:44'),
	(75, '06', 'pago aprobado - ref: 14785231', 11, 1, '2023-02-09 18:45:45', '2023-02-09 18:45:45'),
	(76, '05', 'pago agregado - ref: 124548', 10, 1, '2023-02-09 18:54:19', '2023-02-09 18:54:19'),
	(77, '05', 'pago agregado - ref: 132345', 10, 1, '2023-02-09 18:55:23', '2023-02-09 18:55:23'),
	(78, '06', 'pago aprobado - ref: 124548', 10, 1, '2023-02-09 18:55:30', '2023-02-09 18:55:30'),
	(79, '06', 'pago aprobado - ref: 132345', 10, 1, '2023-02-09 18:55:32', '2023-02-09 18:55:32');

-- Volcando estructura para tabla spc.order_taxes
CREATE TABLE IF NOT EXISTS `order_taxes` (
  `id` bigint unsigned NOT NULL AUTO_INCREMENT,
  `taxe_id` char(4) COLLATE utf8mb4_unicode_ci NOT NULL,
  `percentage` decimal(5,2) NOT NULL,
  `value` decimal(12,2) NOT NULL,
  `order_id` bigint unsigned NOT NULL,
  `created_at` timestamp NULL DEFAULT NULL,
  `updated_at` timestamp NULL DEFAULT NULL,
  PRIMARY KEY (`id`),
  KEY `order_taxes_order_id_foreign` (`order_id`),
  KEY `order_taxes_taxe_id_foreign` (`taxe_id`),
  CONSTRAINT `order_taxes_order_id_foreign` FOREIGN KEY (`order_id`) REFERENCES `orders` (`id`) ON DELETE CASCADE,
  CONSTRAINT `order_taxes_taxe_id_foreign` FOREIGN KEY (`taxe_id`) REFERENCES `taxes` (`id`)
) ENGINE=InnoDB AUTO_INCREMENT=5 DEFAULT CHARSET=utf8mb4 COLLATE=utf8mb4_unicode_ci;

-- Volcando datos para la tabla spc.order_taxes: ~4 rows (aproximadamente)
INSERT IGNORE INTO `order_taxes` (`id`, `taxe_id`, `percentage`, `value`, `order_id`, `created_at`, `updated_at`) VALUES
	(1, '01', 16.00, 249.19, 8, '2023-01-24 17:44:07', '2023-01-24 17:44:07'),
	(2, '01', 16.00, 2431.83, 9, '2023-01-25 15:04:34', '2023-01-25 18:46:03'),
	(3, '01', 16.00, 6988.64, 10, '2023-02-09 18:38:27', '2023-02-09 18:38:27'),
	(4, '01', 16.00, 13019.86, 11, '2023-02-09 18:41:09', '2023-02-09 18:41:09');

-- Volcando estructura para tabla spc.parishes
CREATE TABLE IF NOT EXISTS `parishes` (
  `id` bigint unsigned NOT NULL AUTO_INCREMENT,
  `parish` varchar(255) COLLATE utf8mb4_unicode_ci NOT NULL,
  `municipality_id` bigint unsigned NOT NULL,
  PRIMARY KEY (`id`),
  KEY `parishes_municipality_id_foreign` (`municipality_id`),
  CONSTRAINT `parishes_municipality_id_foreign` FOREIGN KEY (`municipality_id`) REFERENCES `municipalities` (`id`)
) ENGINE=InnoDB AUTO_INCREMENT=1139 DEFAULT CHARSET=utf8mb4 COLLATE=utf8mb4_unicode_ci;

-- Volcando datos para la tabla spc.parishes: ~1.138 rows (aproximadamente)
INSERT IGNORE INTO `parishes` (`id`, `parish`, `municipality_id`) VALUES
	(1, 'Alto Orinoco', 1),
	(2, 'Huachamacare Acanaña', 1),
	(3, 'Marawaka Toky Shamanaña', 1),
	(4, 'Mavaka Mavaka', 1),
	(5, 'Sierra Parima Parimabé', 1),
	(6, 'Ucata Laja Lisa', 2),
	(7, 'Yapacana Macuruco', 2),
	(8, 'Caname Guarinuma', 2),
	(9, 'Fernando Girón Tovar', 3),
	(10, 'Luis Alberto Gómez', 3),
	(11, 'Pahueña Limón de Parhueña', 3),
	(12, 'Platanillal Platanillal', 3),
	(13, 'Samariapo', 4),
	(14, 'Sipapo', 4),
	(15, 'Munduapo', 4),
	(16, 'Guayapo', 4),
	(17, 'Alto Ventuari', 5),
	(18, 'Medio Ventuari', 5),
	(19, 'Bajo Ventuari', 5),
	(20, 'Victorino', 6),
	(21, 'Comunidad', 6),
	(22, 'Casiquiare', 7),
	(23, 'Cocuy', 7),
	(24, 'San Carlos de Río Negro', 7),
	(25, 'Solano', 7),
	(26, 'Anaco', 8),
	(27, 'San Joaquín', 8),
	(28, 'Cachipo', 9),
	(29, 'Aragua de Barcelona', 9),
	(30, 'Lechería', 11),
	(31, 'El Morro', 11),
	(32, 'Puerto Píritu', 12),
	(33, 'San Miguel', 12),
	(34, 'Sucre', 12),
	(35, 'Valle de Guanape', 13),
	(36, 'Santa Bárbara', 13),
	(37, 'El Chaparro', 14),
	(38, 'Tomás Alfaro', 14),
	(39, 'Calatrava', 14),
	(40, 'Guanta', 15),
	(41, 'Chorrerón', 15),
	(42, 'Mamo', 16),
	(43, 'Soledad', 16),
	(44, 'Mapire', 17),
	(45, 'Piar', 17),
	(46, 'Santa Clara', 17),
	(47, 'San Diego de Cabrutica', 17),
	(48, 'Uverito', 17),
	(49, 'Zuata', 17),
	(50, 'Puerto La Cruz', 18),
	(51, 'Pozuelos', 18),
	(52, 'Onoto', 19),
	(53, 'San Pablo', 19),
	(54, 'San Mateo', 20),
	(55, 'El Carito', 20),
	(56, 'Santa Inés', 20),
	(57, 'La Romereña', 20),
	(58, 'Atapirire', 21),
	(59, 'Boca del Pao', 21),
	(60, 'El Pao', 21),
	(61, 'Pariaguán', 21),
	(62, 'Cantaura', 22),
	(63, 'Libertador', 22),
	(64, 'Santa Rosa', 22),
	(65, 'Urica', 22),
	(66, 'Píritu', 23),
	(67, 'San Francisco', 23),
	(68, 'San José de Guanipa', 24),
	(69, 'Boca de Uchire', 25),
	(70, 'Boca de Chávez', 25),
	(71, 'Pueblo Nuevo', 26),
	(72, 'Santa Ana', 26),
	(73, 'Bergatín', 27),
	(74, 'Caigua', 27),
	(75, 'El Carmen', 27),
	(76, 'El Pilar', 27),
	(77, 'Naricual', 27),
	(78, 'San Crsitóbal', 27),
	(79, 'Edmundo Barrios', 28),
	(80, 'Miguel Otero Silva', 28),
	(81, 'Achaguas', 29),
	(82, 'Apurito', 29),
	(83, 'El Yagual', 29),
	(84, 'Guachara', 29),
	(85, 'Mucuritas', 29),
	(86, 'Queseras del medio', 29),
	(87, 'Biruaca', 30),
	(88, 'Bruzual', 31),
	(89, 'Mantecal', 31),
	(90, 'Quintero', 31),
	(91, 'Rincón Hondo', 31),
	(92, 'San Vicente', 31),
	(93, 'Guasdualito', 32),
	(94, 'Aramendi', 32),
	(95, 'El Amparo', 32),
	(96, 'San Camilo', 32),
	(97, 'Urdaneta', 32),
	(98, 'San Juan de Payara', 33),
	(99, 'Codazzi', 33),
	(100, 'Cunaviche', 33),
	(101, 'Elorza', 34),
	(102, 'La Trinidad', 34),
	(103, 'San Fernando', 35),
	(104, 'El Recreo', 35),
	(105, 'Peñalver', 35),
	(106, 'San Rafael de Atamaica', 35),
	(107, 'Pedro José Ovalles', 36),
	(108, 'Joaquín Crespo', 36),
	(109, 'José Casanova Godoy', 36),
	(110, 'Madre María de San José', 36),
	(111, 'Andrés Eloy Blanco', 36),
	(112, 'Los Tacarigua', 36),
	(113, 'Las Delicias', 36),
	(114, 'Choroní', 36),
	(115, 'Bolívar', 37),
	(116, 'Camatagua', 38),
	(117, 'Carmen de Cura', 38),
	(118, 'Santa Rita', 39),
	(119, 'Francisco de Miranda', 39),
	(120, 'Moseñor Feliciano González', 39),
	(121, 'Santa Cruz', 40),
	(122, 'José Félix Ribas', 41),
	(123, 'Castor Nieves Ríos', 41),
	(124, 'Las Guacamayas', 41),
	(125, 'Pao de Zárate', 41),
	(126, 'Zuata', 41),
	(127, 'José Rafael Revenga', 42),
	(128, 'Palo Negro', 43),
	(129, 'San Martín de Porres', 43),
	(130, 'El Limón', 44),
	(131, 'Caña de Azúcar', 44),
	(132, 'Ocumare de la Costa', 45),
	(133, 'San Casimiro', 46),
	(134, 'Güiripa', 46),
	(135, 'Ollas de Caramacate', 46),
	(136, 'Valle Morín', 46),
	(137, 'San Sebastían', 47),
	(138, 'Turmero', 48),
	(139, 'Arevalo Aponte', 48),
	(140, 'Chuao', 48),
	(141, 'Samán de Güere', 48),
	(142, 'Alfredo Pacheco Miranda', 48),
	(143, 'Santos Michelena', 49),
	(144, 'Tiara', 49),
	(145, 'Cagua', 50),
	(146, 'Bella Vista', 50),
	(147, 'Tovar', 51),
	(148, 'Urdaneta', 52),
	(149, 'Las Peñitas', 52),
	(150, 'San Francisco de Cara', 52),
	(151, 'Taguay', 52),
	(152, 'Zamora', 53),
	(153, 'Magdaleno', 53),
	(154, 'San Francisco de Asís', 53),
	(155, 'Valles de Tucutunemo', 53),
	(156, 'Augusto Mijares', 53),
	(157, 'Sabaneta', 54),
	(158, 'Juan Antonio Rodríguez Domínguez', 54),
	(159, 'El Cantón', 55),
	(160, 'Santa Cruz de Guacas', 55),
	(161, 'Puerto Vivas', 55),
	(162, 'Ticoporo', 56),
	(163, 'Nicolás Pulido', 56),
	(164, 'Andrés Bello', 56),
	(165, 'Arismendi', 57),
	(166, 'Guadarrama', 57),
	(167, 'La Unión', 57),
	(168, 'San Antonio', 57),
	(169, 'Barinas', 58),
	(170, 'Alberto Arvelo Larriva', 58),
	(171, 'San Silvestre', 58),
	(172, 'Santa Inés', 58),
	(173, 'Santa Lucía', 58),
	(174, 'Torumos', 58),
	(175, 'El Carmen', 58),
	(176, 'Rómulo Betancourt', 58),
	(177, 'Corazón de Jesús', 58),
	(178, 'Ramón Ignacio Méndez', 58),
	(179, 'Alto Barinas', 58),
	(180, 'Manuel Palacio Fajardo', 58),
	(181, 'Juan Antonio Rodríguez Domínguez', 58),
	(182, 'Dominga Ortiz de Páez', 58),
	(183, 'Barinitas', 59),
	(184, 'Altamira de Cáceres', 59),
	(185, 'Calderas', 59),
	(186, 'Barrancas', 60),
	(187, 'El Socorro', 60),
	(188, 'Mazparrito', 60),
	(189, 'Santa Bárbara', 61),
	(190, 'Pedro Briceño Méndez', 61),
	(191, 'Ramón Ignacio Méndez', 61),
	(192, 'José Ignacio del Pumar', 61),
	(193, 'Obispos', 62),
	(194, 'Guasimitos', 62),
	(195, 'El Real', 62),
	(196, 'La Luz', 62),
	(197, 'City Bolívia', 63),
	(198, 'José Ignacio Briceño', 63),
	(199, 'José Félix Ribas', 63),
	(200, 'Páez', 63),
	(201, 'Libertad', 64),
	(202, 'Dolores', 64),
	(203, 'Santa Rosa', 64),
	(204, 'Palacio Fajardo', 64),
	(205, 'City de Nutrias', 65),
	(206, 'El Regalo', 65),
	(207, 'Puerto Nutrias', 65),
	(208, 'Santa Catalina', 65),
	(209, 'Cachamay', 66),
	(210, 'Chirica', 66),
	(211, 'Dalla Costa', 66),
	(212, 'Once de Abril', 66),
	(213, 'Simón Bolívar', 66),
	(214, 'Unare', 66),
	(215, 'Universidad', 66),
	(216, 'Vista al Sol', 66),
	(217, 'Pozo Verde', 66),
	(218, 'Yocoima', 66),
	(219, '5 de Julio', 66),
	(220, 'Cedeño', 67),
	(221, 'Altagracia', 67),
	(222, 'Ascensión Farreras', 67),
	(223, 'Guaniamo', 67),
	(224, 'La Urbana', 67),
	(225, 'Pijiguaos', 67),
	(226, 'El Callao', 68),
	(227, 'Gran Sabana', 69),
	(228, 'Ikabarú', 69),
	(229, 'Catedral', 70),
	(230, 'Zea', 70),
	(231, 'Orinoco', 70),
	(232, 'José Antonio Páez', 70),
	(233, 'Marhuanta', 70),
	(234, 'Agua Salada', 70),
	(235, 'Vista Hermosa', 70),
	(236, 'La Sabanita', 70),
	(237, 'Panapana', 70),
	(238, 'Andrés Eloy Blanco', 71),
	(239, 'Pedro Cova', 71),
	(240, 'Raúl Leoni', 72),
	(241, 'Barceloneta', 72),
	(242, 'Santa Bárbara', 72),
	(243, 'San Francisco', 72),
	(244, 'Roscio', 73),
	(245, 'Salóm', 73),
	(246, 'Sifontes', 74),
	(247, 'Dalla Costa', 74),
	(248, 'San Isidro', 74),
	(249, 'Sucre', 75),
	(250, 'Aripao', 75),
	(251, 'Guarataro', 75),
	(252, 'Las Majadas', 75),
	(253, 'Moitaco', 75),
	(254, 'Padre Pedro Chien', 76),
	(255, 'Río Grande', 76),
	(256, 'Bejuma', 77),
	(257, 'Canoabo', 77),
	(258, 'Simón Bolívar', 77),
	(259, 'Güigüe', 78),
	(260, 'Carabobo', 78),
	(261, 'Tacarigua', 78),
	(262, 'Mariara', 79),
	(263, 'Aguas Calientes', 79),
	(264, 'City Alianza', 80),
	(265, 'Guacara', 80),
	(266, 'Yagua', 80),
	(267, 'Morón', 81),
	(268, 'Yagua', 81),
	(269, 'Tocuyito', 82),
	(270, 'Independencia', 82),
	(271, 'Los Guayos', 83),
	(272, 'Miranda', 84),
	(273, 'Montalbán', 85),
	(274, 'Naguanagua', 86),
	(275, 'Bartolomé Salóm', 87),
	(276, 'Democracia', 87),
	(277, 'Fraternidad', 87),
	(278, 'Goaigoaza', 87),
	(279, 'Juan José Flores', 87),
	(280, 'Unión', 87),
	(281, 'Borburata', 87),
	(282, 'Patanemo', 87),
	(283, 'San Diego', 88),
	(284, 'San Joaquín', 89),
	(285, 'Candelaria', 90),
	(286, 'Catedral', 90),
	(287, 'El Socorro', 90),
	(288, 'Miguel Peña', 90),
	(289, 'Rafael Urdaneta', 90),
	(290, 'San Blas', 90),
	(291, 'San José', 90),
	(292, 'Santa Rosa', 90),
	(293, 'Negro Primero', 90),
	(294, 'Cojedes', 91),
	(295, 'Juan de Mata Suárez', 91),
	(296, 'Tinaquillo', 92),
	(297, 'El Baúl', 93),
	(298, 'Sucre', 93),
	(299, 'La Aguadita', 94),
	(300, 'Macapo', 94),
	(301, 'El Pao', 95),
	(302, 'El Amparo', 96),
	(303, 'Libertad de Cojedes', 96),
	(304, 'Rómulo Gallegos', 97),
	(305, 'San Carlos de Austria', 98),
	(306, 'Juan Ángel Bravo', 98),
	(307, 'Manuel Manrique', 98),
	(308, 'General en Jefe José Laurencio Silva', 99),
	(309, 'Curiapo', 100),
	(310, 'Almirante Luis Brión', 100),
	(311, 'Francisco Aniceto Lugo', 100),
	(312, 'Manuel Renaud', 100),
	(313, 'Padre Barral', 100),
	(314, 'Santos de Abelgas', 100),
	(315, 'Imataca', 101),
	(316, 'Cinco de Julio', 101),
	(317, 'Juan Bautista Arismendi', 101),
	(318, 'Manuel Piar', 101),
	(319, 'Rómulo Gallegos', 101),
	(320, 'Pedernales', 102),
	(321, 'Luis Beltrán Prieto Figueroa', 102),
	(322, 'San José (Delta Amacuro)', 103),
	(323, 'José Vidal Marcano', 103),
	(324, 'Juan Millán', 103),
	(325, 'Leonardo Ruíz Pineda', 103),
	(326, 'Mariscal Antonio José de Sucre', 103),
	(327, 'Monseñor Argimiro García', 103),
	(328, 'San Rafael (Delta Amacuro)', 103),
	(329, 'Virgen del Valle', 103),
	(330, 'Clarines', 10),
	(331, 'Guanape', 10),
	(332, 'Sabana de Uchire', 10),
	(333, 'Capadare', 104),
	(334, 'La Pastora', 104),
	(335, 'Libertador', 104),
	(336, 'San Juan de los Cayos', 104),
	(337, 'Aracua', 105),
	(338, 'La Peña', 105),
	(339, 'San Luis', 105),
	(340, 'Bariro', 106),
	(341, 'Borojó', 106),
	(342, 'Capatárida', 106),
	(343, 'Guajiro', 106),
	(344, 'Seque', 106),
	(345, 'Zazárida', 106),
	(346, 'Valle de Eroa', 106),
	(347, 'Cacique Manaure', 107),
	(348, 'Norte', 108),
	(349, 'Carirubana', 108),
	(350, 'Santa Ana', 108),
	(351, 'Urbana Punta Cardón', 108),
	(352, 'La Vela de Coro', 109),
	(353, 'Acurigua', 109),
	(354, 'Guaibacoa', 109),
	(355, 'Las Calderas', 109),
	(356, 'Macoruca', 109),
	(357, 'Dabajuro', 110),
	(358, 'Agua Clara', 111),
	(359, 'Avaria', 111),
	(360, 'Pedregal', 111),
	(361, 'Piedra Grande', 111),
	(362, 'Purureche', 111),
	(363, 'Adaure', 112),
	(364, 'Adícora', 112),
	(365, 'Baraived', 112),
	(366, 'Buena Vista', 112),
	(367, 'Jadacaquiva', 112),
	(368, 'El Vínculo', 112),
	(369, 'El Hato', 112),
	(370, 'Moruy', 112),
	(371, 'Pueblo Nuevo', 112),
	(372, 'Agua Larga', 113),
	(373, 'El Paují', 113),
	(374, 'Independencia', 113),
	(375, 'Mapararí', 113),
	(376, 'Agua Linda', 114),
	(377, 'Araurima', 114),
	(378, 'Jacura', 114),
	(379, 'Tucacas', 115),
	(380, 'Boca de Aroa', 115),
	(381, 'Los Taques', 116),
	(382, 'Judibana', 116),
	(383, 'Mene de Mauroa', 117),
	(384, 'San Félix', 117),
	(385, 'Casigua', 117),
	(386, 'Guzmán Guillermo', 118),
	(387, 'Mitare', 118),
	(388, 'Río Seco', 118),
	(389, 'Sabaneta', 118),
	(390, 'San Antonio', 118),
	(391, 'San Gabriel', 118),
	(392, 'Santa Ana', 118),
	(393, 'Boca del Tocuyo', 119),
	(394, 'Chichiriviche', 119),
	(395, 'Tocuyo de la Costa', 119),
	(396, 'Palmasola', 120),
	(397, 'Cabure', 121),
	(398, 'Colina', 121),
	(399, 'Curimagua', 121),
	(400, 'San José de la Costa', 122),
	(401, 'Píritu', 122),
	(402, 'San Francisco', 123),
	(403, 'Sucre', 124),
	(404, 'Pecaya', 124),
	(405, 'Tocópero', 125),
	(406, 'El Charal', 126),
	(407, 'Las Vegas del Tuy', 126),
	(408, 'Santa Cruz de Bucaral', 126),
	(409, 'Bruzual', 127),
	(410, 'Urumaco', 127),
	(411, 'Puerto Cumarebo', 128),
	(412, 'La Ciénaga', 128),
	(413, 'La Soledad', 128),
	(414, 'Pueblo Cumarebo', 128),
	(415, 'Zazárida', 128),
	(416, 'Churuguara', 113),
	(417, 'Camaguán', 129),
	(418, 'Puerto Miranda', 129),
	(419, 'Uverito', 129),
	(420, 'Chaguaramas', 130),
	(421, 'El Socorro', 131),
	(422, 'Tucupido', 132),
	(423, 'San Rafael de Laya', 132),
	(424, 'Altagracia de Orituco', 133),
	(425, 'San Rafael de Orituco', 133),
	(426, 'San Francisco Javier de Lezama', 133),
	(427, 'Paso Real de Macaira', 133),
	(428, 'Carlos Soublette', 133),
	(429, 'San Francisco de Macaira', 133),
	(430, 'Libertad de Orituco', 133),
	(431, 'Cantaclaro', 134),
	(432, 'San Juan de los Morros', 134),
	(433, 'Parapara', 134),
	(434, 'El Sombrero', 135),
	(435, 'Sosa', 135),
	(436, 'Las Mercedes', 136),
	(437, 'Cabruta', 136),
	(438, 'Santa Rita de Manapire', 136),
	(439, 'Valle de la Pascua', 137),
	(440, 'Espino', 137),
	(441, 'San José de Unare', 138),
	(442, 'Zaraza', 138),
	(443, 'San José de Tiznados', 139),
	(444, 'San Francisco de Tiznados', 139),
	(445, 'San Lorenzo de Tiznados', 139),
	(446, 'Ortiz', 139),
	(447, 'Guayabal', 140),
	(448, 'Cazorla', 140),
	(449, 'San José de Guaribe', 141),
	(450, 'Uveral', 141),
	(451, 'Santa María de Ipire', 142),
	(452, 'Altamira', 142),
	(453, 'El Calvario', 143),
	(454, 'El Rastro', 143),
	(455, 'Guardatinajas', 143),
	(456, 'Capital Urbana Calabozo', 143),
	(457, 'Quebrada Honda de Guache', 144),
	(458, 'Pío Tamayo', 144),
	(459, 'Yacambú', 144),
	(460, 'Fréitez', 145),
	(461, 'José María Blanco', 145),
	(462, 'Catedral', 146),
	(463, 'Concepción', 146),
	(464, 'El Cují', 146),
	(465, 'Juan de Villegas', 146),
	(466, 'Santa Rosa', 146),
	(467, 'Tamaca', 146),
	(468, 'Unión', 146),
	(469, 'Aguedo Felipe Alvarado', 146),
	(470, 'Buena Vista', 146),
	(471, 'Juárez', 146),
	(472, 'Juan Bautista Rodríguez', 147),
	(473, 'Cuara', 147),
	(474, 'Diego de Lozada', 147),
	(475, 'Paraíso de San José', 147),
	(476, 'San Miguel', 147),
	(477, 'Tintorero', 147),
	(478, 'José Bernardo Dorante', 147),
	(479, 'Coronel Mariano Peraza ', 147),
	(480, 'Bolívar', 148),
	(481, 'Anzoátegui', 148),
	(482, 'Guarico', 148),
	(483, 'Hilario Luna y Luna', 148),
	(484, 'Humocaro Alto', 148),
	(485, 'Humocaro Bajo', 148),
	(486, 'La Candelaria', 148),
	(487, 'Morán', 148),
	(488, 'Cabudare', 149),
	(489, 'José Gregorio Bastidas', 149),
	(490, 'Agua Viva', 149),
	(491, 'Sarare', 150),
	(492, 'Buría', 150),
	(493, 'Gustavo Vegas León', 150),
	(494, 'Trinidad Samuel', 151),
	(495, 'Antonio Díaz', 151),
	(496, 'Camacaro', 151),
	(497, 'Castañeda', 151),
	(498, 'Cecilio Zubillaga', 151),
	(499, 'Chiquinquirá', 151),
	(500, 'El Blanco', 151),
	(501, 'Espinoza de los Monteros', 151),
	(502, 'Lara', 151),
	(503, 'Las Mercedes', 151),
	(504, 'Manuel Morillo', 151),
	(505, 'Montaña Verde', 151),
	(506, 'Montes de Oca', 151),
	(507, 'Torres', 151),
	(508, 'Heriberto Arroyo', 151),
	(509, 'Reyes Vargas', 151),
	(510, 'Altagracia', 151),
	(511, 'Siquisique', 152),
	(512, 'Moroturo', 152),
	(513, 'San Miguel', 152),
	(514, 'Xaguas', 152),
	(515, 'Presidente Betancourt', 179),
	(516, 'Presidente Páez', 179),
	(517, 'Presidente Rómulo Gallegos', 179),
	(518, 'Gabriel Picón González', 179),
	(519, 'Héctor Amable Mora', 179),
	(520, 'José Nucete Sardi', 179),
	(521, 'Pulido Méndez', 179),
	(522, 'La Azulita', 180),
	(523, 'Santa Cruz de Mora', 181),
	(524, 'Mesa Bolívar', 181),
	(525, 'Mesa de Las Palmas', 181),
	(526, 'Aricagua', 182),
	(527, 'San Antonio', 182),
	(528, 'Canagua', 183),
	(529, 'Capurí', 183),
	(530, 'Chacantá', 183),
	(531, 'El Molino', 183),
	(532, 'Guaimaral', 183),
	(533, 'Mucutuy', 183),
	(534, 'Mucuchachí', 183),
	(535, 'Fernández Peña', 184),
	(536, 'Matriz', 184),
	(537, 'Montalbán', 184),
	(538, 'Acequias', 184),
	(539, 'Jají', 184),
	(540, 'La Mesa', 184),
	(541, 'San José del Sur', 184),
	(542, 'Tucaní', 185),
	(543, 'Florencio Ramírez', 185),
	(544, 'Santo Domingo', 186),
	(545, 'Las Piedras', 186),
	(546, 'Guaraque', 187),
	(547, 'Mesa de Quintero', 187),
	(548, 'Río Negro', 187),
	(549, 'Arapuey', 188),
	(550, 'Palmira', 188),
	(551, 'San Cristóbal de Torondoy', 189),
	(552, 'Torondoy', 189),
	(553, 'Antonio Spinetti Dini', 190),
	(554, 'Arias', 190),
	(555, 'Caracciolo Parra Pérez', 190),
	(556, 'Domingo Peña', 190),
	(557, 'El Llano', 190),
	(558, 'Gonzalo Picón Febres', 190),
	(559, 'Jacinto Plaza', 190),
	(560, 'Juan Rodríguez Suárez', 190),
	(561, 'Lasso de la Vega', 190),
	(562, 'Mariano Picón Salas', 190),
	(563, 'Milla', 190),
	(564, 'Osuna Rodríguez', 190),
	(565, 'Sagrario', 190),
	(566, 'El Morro', 190),
	(567, 'Los Nevados', 190),
	(568, 'Andrés Eloy Blanco', 191),
	(569, 'La Venta', 191),
	(570, 'Piñango', 191),
	(571, 'Timotes', 191),
	(572, 'Eloy Paredes', 192),
	(573, 'San Rafael de Alcázar', 192),
	(574, 'Santa Elena de Arenales', 192),
	(575, 'Santa María de Caparo', 193),
	(576, 'Pueblo Llano', 194),
	(577, 'Cacute', 195),
	(578, 'La Toma', 195),
	(579, 'Mucuchíes', 195),
	(580, 'Mucurubá', 195),
	(581, 'San Rafael', 195),
	(582, 'Gerónimo Maldonado', 196),
	(583, 'Bailadores', 196),
	(584, 'Tabay', 197),
	(585, 'Chiguará', 198),
	(586, 'Estánquez', 198),
	(587, 'Lagunillas', 198),
	(588, 'La Trampa', 198),
	(589, 'Pueblo Nuevo del Sur', 198),
	(590, 'San Juan', 198),
	(591, 'El Amparo', 199),
	(592, 'El Llano', 199),
	(593, 'San Francisco', 199),
	(594, 'Tovar', 199),
	(595, 'Independencia', 200),
	(596, 'María de la Concepción Palacios Blanco', 200),
	(597, 'Nueva Bolivia', 200),
	(598, 'Santa Apolonia', 200),
	(599, 'Caño El Tigre', 201),
	(600, 'Zea', 201),
	(601, 'Aragüita', 223),
	(602, 'Arévalo González', 223),
	(603, 'Capaya', 223),
	(604, 'Caucagua', 223),
	(605, 'Panaquire', 223),
	(606, 'Ribas', 223),
	(607, 'El Café', 223),
	(608, 'Marizapa', 223),
	(609, 'Cumbo', 224),
	(610, 'San José de Barlovento', 224),
	(611, 'El Cafetal', 225),
	(612, 'Las Minas', 225),
	(613, 'Nuestra Señora del Rosario', 225),
	(614, 'Higuerote', 226),
	(615, 'Curiepe', 226),
	(616, 'Tacarigua de Brión', 226),
	(617, 'Mamporal', 227),
	(618, 'Carrizal', 228),
	(619, 'Chacao', 229),
	(620, 'Charallave', 230),
	(621, 'Las Brisas', 230),
	(622, 'El Hatillo', 231),
	(623, 'Altagracia de la Montaña', 232),
	(624, 'Cecilio Acosta', 232),
	(625, 'Los Teques', 232),
	(626, 'El Jarillo', 232),
	(627, 'San Pedro', 232),
	(628, 'Tácata', 232),
	(629, 'Paracotos', 232),
	(630, 'Cartanal', 233),
	(631, 'Santa Teresa del Tuy', 233),
	(632, 'La Democracia', 234),
	(633, 'Ocumare del Tuy', 234),
	(634, 'Santa Bárbara', 234),
	(635, 'San Antonio de los Altos', 235),
	(636, 'Río Chico', 236),
	(637, 'El Guapo', 236),
	(638, 'Tacarigua de la Laguna', 236),
	(639, 'Paparo', 236),
	(640, 'San Fernando del Guapo', 236),
	(641, 'Santa Lucía del Tuy', 237),
	(642, 'Cúpira', 238),
	(643, 'Machurucuto', 238),
	(644, 'Guarenas', 239),
	(645, 'San Antonio de Yare', 240),
	(646, 'San Francisco de Yare', 240),
	(647, 'Leoncio Martínez', 241),
	(648, 'Petare', 241),
	(649, 'Caucagüita', 241),
	(650, 'Filas de Mariche', 241),
	(651, 'La Dolorita', 241),
	(652, 'Cúa', 242),
	(653, 'Nueva Cúa', 242),
	(654, 'Guatire', 243),
	(655, 'Bolívar', 243),
	(656, 'San Antonio de Maturín', 258),
	(657, 'San Francisco de Maturín', 258),
	(658, 'Aguasay', 259),
	(659, 'Caripito', 260),
	(660, 'El Guácharo', 261),
	(661, 'La Guanota', 261),
	(662, 'Sabana de Piedra', 261),
	(663, 'San Agustín', 261),
	(664, 'Teresen', 261),
	(665, 'Caripe', 261),
	(666, 'Areo', 262),
	(667, 'Capital Cedeño', 262),
	(668, 'San Félix de Cantalicio', 262),
	(669, 'Viento Fresco', 262),
	(670, 'El Tejero', 263),
	(671, 'Punta de Mata', 263),
	(672, 'Chaguaramas', 264),
	(673, 'Las Alhuacas', 264),
	(674, 'Tabasca', 264),
	(675, 'Temblador', 264),
	(676, 'Alto de los Godos', 265),
	(677, 'Boquerón', 265),
	(678, 'Las Cocuizas', 265),
	(679, 'La Cruz', 265),
	(680, 'San Simón', 265),
	(681, 'El Corozo', 265),
	(682, 'El Furrial', 265),
	(683, 'Jusepín', 265),
	(684, 'La Pica', 265),
	(685, 'San Vicente', 265),
	(686, 'Aparicio', 266),
	(687, 'Aragua de Maturín', 266),
	(688, 'Chaguamal', 266),
	(689, 'El Pinto', 266),
	(690, 'Guanaguana', 266),
	(691, 'La Toscana', 266),
	(692, 'Taguaya', 266),
	(693, 'Cachipo', 267),
	(694, 'Quiriquire', 267),
	(695, 'Santa Bárbara', 268),
	(696, 'Barrancas', 269),
	(697, 'Los Barrancos de Fajardo', 269),
	(698, 'Uracoa', 270),
	(699, 'Antolín del Campo', 271),
	(700, 'Arismendi', 272),
	(701, 'García', 273),
	(702, 'Francisco Fajardo', 273),
	(703, 'Bolívar', 274),
	(704, 'Guevara', 274),
	(705, 'Matasiete', 274),
	(706, 'Santa Ana', 274),
	(707, 'Sucre', 274),
	(708, 'Aguirre', 275),
	(709, 'Maneiro', 275),
	(710, 'Adrián', 276),
	(711, 'Juan Griego', 276),
	(712, 'Yaguaraparo', 276),
	(713, 'Porlamar', 277),
	(714, 'San Francisco de Macanao', 278),
	(715, 'Boca de Río', 278),
	(716, 'Tubores', 279),
	(717, 'Los Baleales', 279),
	(718, 'Vicente Fuentes', 280),
	(719, 'Villalba', 280),
	(720, 'San Juan Bautista', 281),
	(721, 'Zabala', 281),
	(722, 'Capital Araure', 283),
	(723, 'Río Acarigua', 283),
	(724, 'Capital Esteller', 284),
	(725, 'Uveral', 284),
	(726, 'Guanare', 285),
	(727, 'Córdoba', 285),
	(728, 'San José de la Montaña', 285),
	(729, 'San Juan de Guanaguanare', 285),
	(730, 'Virgen de la Coromoto', 285),
	(731, 'Guanarito', 286),
	(732, 'Trinidad de la Capilla', 286),
	(733, 'Divina Pastora', 286),
	(734, 'Monseñor José Vicente de Unda', 287),
	(735, 'Peña Blanca', 287),
	(736, 'Capital Ospino', 288),
	(737, 'Aparición', 288),
	(738, 'La Estación', 288),
	(739, 'Páez', 289),
	(740, 'Payara', 289),
	(741, 'Pimpinela', 289),
	(742, 'Ramón Peraza', 289),
	(743, 'Papelón', 290),
	(744, 'Caño Delgadito', 290),
	(745, 'San Genaro de Boconoito', 291),
	(746, 'Antolín Tovar', 291),
	(747, 'San Rafael de Onoto', 292),
	(748, 'Santa Fe', 292),
	(749, 'Thermo Morles', 292),
	(750, 'Santa Rosalía', 293),
	(751, 'Florida', 293),
	(752, 'Sucre', 294),
	(753, 'Concepción', 294),
	(754, 'San Rafael de Palo Alzado', 294),
	(755, 'Uvencio Antonio Velásquez', 294),
	(756, 'San José de Saguaz', 294),
	(757, 'Villa Rosa', 294),
	(758, 'Turén', 295),
	(759, 'Canelones', 295),
	(760, 'Santa Cruz', 295),
	(761, 'San Isidro Labrador', 295),
	(762, 'Mariño', 296),
	(763, 'Rómulo Gallegos', 296),
	(764, 'San José de Aerocuar', 297),
	(765, 'Tavera Acosta', 297),
	(766, 'Río Caribe', 298),
	(767, 'Antonio José de Sucre', 298),
	(768, 'El Morro de Puerto Santo', 298),
	(769, 'Puerto Santo', 298),
	(770, 'San Juan de las Galdonas', 298),
	(771, 'El Pilar', 299),
	(772, 'El Rincón', 299),
	(773, 'General Francisco Antonio Váquez', 299),
	(774, 'Guaraúnos', 299),
	(775, 'Tunapuicito', 299),
	(776, 'Unión', 299),
	(777, 'Santa Catalina', 300),
	(778, 'Santa Rosa', 300),
	(779, 'Santa Teresa', 300),
	(780, 'Bolívar', 300),
	(781, 'Maracapana', 300),
	(782, 'Libertad', 302),
	(783, 'El Paujil', 302),
	(784, 'Yaguaraparo', 302),
	(785, 'Cruz Salmerón Acosta', 303),
	(786, 'Chacopata', 303),
	(787, 'Manicuare', 303),
	(788, 'Tunapuy', 304),
	(789, 'Campo Elías', 304),
	(790, 'Irapa', 305),
	(791, 'Campo Claro', 305),
	(792, 'Maraval', 305),
	(793, 'San Antonio de Irapa', 305),
	(794, 'Soro', 305),
	(795, 'Mejía', 306),
	(796, 'Cumanacoa', 307),
	(797, 'Arenas', 307),
	(798, 'Aricagua', 307),
	(799, 'Cogollar', 307),
	(800, 'San Fernando', 307),
	(801, 'San Lorenzo', 307),
	(802, 'Villa Frontado (Muelle de Cariaco)', 308),
	(803, 'Catuaro', 308),
	(804, 'Rendón', 308),
	(805, 'San Cruz', 308),
	(806, 'Santa María', 308),
	(807, 'Altagracia', 309),
	(808, 'Santa Inés', 309),
	(809, 'Valentín Valiente', 309),
	(810, 'Ayacucho', 309),
	(811, 'San Juan', 309),
	(812, 'Raúl Leoni', 309),
	(813, 'Gran Mariscal', 309),
	(814, 'Cristóbal Colón', 310),
	(815, 'Bideau', 310),
	(816, 'Punta de Piedras', 310),
	(817, 'Güiria', 310),
	(818, 'Andrés Bello', 341),
	(819, 'Antonio Rómulo Costa', 342),
	(820, 'Ayacucho', 343),
	(821, 'Rivas Berti', 343),
	(822, 'San Pedro del Río', 343),
	(823, 'Bolívar', 344),
	(824, 'Palotal', 344),
	(825, 'General Juan Vicente Gómez', 344),
	(826, 'Isaías Medina Angarita', 344),
	(827, 'Cárdenas', 345),
	(828, 'Amenodoro Ángel Lamus', 345),
	(829, 'La Florida', 345),
	(830, 'Córdoba', 346),
	(831, 'Fernández Feo', 347),
	(832, 'Alberto Adriani', 347),
	(833, 'Santo Domingo', 347),
	(834, 'Francisco de Miranda', 348),
	(835, 'García de Hevia', 349),
	(836, 'Boca de Grita', 349),
	(837, 'José Antonio Páez', 349),
	(838, 'Guásimos', 350),
	(839, 'Independencia', 351),
	(840, 'Juan Germán Roscio', 351),
	(841, 'Román Cárdenas', 351),
	(842, 'Jáuregui', 352),
	(843, 'Emilio Constantino Guerrero', 352),
	(844, 'Monseñor Miguel Antonio Salas', 352),
	(845, 'José María Vargas', 353),
	(846, 'Junín', 354),
	(847, 'La Petrólea', 354),
	(848, 'Quinimarí', 354),
	(849, 'Bramón', 354),
	(850, 'Libertad', 355),
	(851, 'Cipriano Castro', 355),
	(852, 'Manuel Felipe Rugeles', 355),
	(853, 'Libertador', 356),
	(854, 'Doradas', 356),
	(855, 'Emeterio Ochoa', 356),
	(856, 'San Joaquín de Navay', 356),
	(857, 'Lobatera', 357),
	(858, 'Constitución', 357),
	(859, 'Michelena', 358),
	(860, 'Panamericano', 359),
	(861, 'La Palmita', 359),
	(862, 'Pedro María Ureña', 360),
	(863, 'Nueva Arcadia', 360),
	(864, 'Delicias', 361),
	(865, 'Pecaya', 361),
	(866, 'Samuel Darío Maldonado', 362),
	(867, 'Boconó', 362),
	(868, 'Hernández', 362),
	(869, 'La Concordia', 363),
	(870, 'San Juan Bautista', 363),
	(871, 'Pedro María Morantes', 363),
	(872, 'San Sebastián', 363),
	(873, 'Dr. Francisco Romero Lobo', 363),
	(874, 'Seboruco', 364),
	(875, 'Simón Rodríguez', 365),
	(876, 'Sucre', 366),
	(877, 'Eleazar López Contreras', 366),
	(878, 'San Pablo', 366),
	(879, 'Torbes', 367),
	(880, 'Uribante', 368),
	(881, 'Cárdenas', 368),
	(882, 'Juan Pablo Peñalosa', 368),
	(883, 'Potosí', 368),
	(884, 'San Judas Tadeo', 369),
	(885, 'Araguaney', 370),
	(886, 'El Jaguito', 370),
	(887, 'La Esperanza', 370),
	(888, 'Santa Isabel', 370),
	(889, 'Boconó', 371),
	(890, 'El Carmen', 371),
	(891, 'Mosquey', 371),
	(892, 'Ayacucho', 371),
	(893, 'Burbusay', 371),
	(894, 'General Ribas', 371),
	(895, 'Guaramacal', 371),
	(896, 'Vega de Guaramacal', 371),
	(897, 'Monseñor Jáuregui', 371),
	(898, 'Rafael Rangel', 371),
	(899, 'San Miguel', 371),
	(900, 'San José', 371),
	(901, 'Sabana Grande', 372),
	(902, 'Cheregüé', 372),
	(903, 'Granados', 372),
	(904, 'Arnoldo Gabaldón', 373),
	(905, 'Bolivia', 373),
	(906, 'Carrillo', 373),
	(907, 'Cegarra', 373),
	(908, 'Chejendé', 373),
	(909, 'Manuel Salvador Ulloa', 373),
	(910, 'San José', 373),
	(911, 'Carache', 374),
	(912, 'La Concepción', 374),
	(913, 'Cuicas', 374),
	(914, 'Panamericana', 374),
	(915, 'Santa Cruz', 374),
	(916, 'Escuque', 375),
	(917, 'La Unión', 375),
	(918, 'Santa Rita', 375),
	(919, 'Sabana Libre', 375),
	(920, 'El Socorro', 376),
	(921, 'Los Caprichos', 376),
	(922, 'Antonio José de Sucre', 376),
	(923, 'Campo Elías', 377),
	(924, 'Arnoldo Gabaldón', 377),
	(925, 'Santa Apolonia', 378),
	(926, 'El Progreso', 378),
	(927, 'La Ceiba', 378),
	(928, 'Tres de Febrero', 378),
	(929, 'El Dividive', 379),
	(930, 'Agua Santa', 379),
	(931, 'Agua Caliente', 379),
	(932, 'El Cenizo', 379),
	(933, 'Valerita', 379),
	(934, 'Monte Carmelo', 380),
	(935, 'Buena Vista', 380),
	(936, 'Santa María del Horcón', 380),
	(937, 'Motatán', 381),
	(938, 'El Baño', 381),
	(939, 'Jalisco', 381),
	(940, 'Pampán', 382),
	(941, 'Flor de Patria', 382),
	(942, 'La Paz', 382),
	(943, 'Santa Ana', 382),
	(944, 'Pampanito', 383),
	(945, 'La Concepción', 383),
	(946, 'Pampanito II', 383),
	(947, 'Betijoque', 384),
	(948, 'José Gregorio Hernández', 384),
	(949, 'La Pueblita', 384),
	(950, 'Los Cedros', 384),
	(951, 'Carvajal', 385),
	(952, 'Campo Alegre', 385),
	(953, 'Antonio Nicolás Briceño', 385),
	(954, 'José Leonardo Suárez', 385),
	(955, 'Sabana de Mendoza', 386),
	(956, 'Junín', 386),
	(957, 'Valmore Rodríguez', 386),
	(958, 'El Paraíso', 386),
	(959, 'Andrés Linares', 387),
	(960, 'Chiquinquirá', 387),
	(961, 'Cristóbal Mendoza', 387),
	(962, 'Cruz Carrillo', 387),
	(963, 'Matriz', 387),
	(964, 'Monseñor Carrillo', 387),
	(965, 'Tres Esquinas', 387),
	(966, 'Cabimbú', 388),
	(967, 'Jajó', 388),
	(968, 'La Mesa de Esnujaque', 388),
	(969, 'Santiago', 388),
	(970, 'Tuñame', 388),
	(971, 'La Quebrada', 388),
	(972, 'Juan Ignacio Montilla', 389),
	(973, 'La Beatriz', 389),
	(974, 'La Puerta', 389),
	(975, 'Mendoza del Valle de Momboy', 389),
	(976, 'Mercedes Díaz', 389),
	(977, 'San Luis', 389),
	(978, 'Caraballeda', 390),
	(979, 'Carayaca', 390),
	(980, 'Carlos Soublette', 390),
	(981, 'Caruao Chuspa', 390),
	(982, 'Catia La Mar', 390),
	(983, 'El Junko', 390),
	(984, 'La Guaira', 390),
	(985, 'Macuto', 390),
	(986, 'Maiquetía', 390),
	(987, 'Naiguatá', 390),
	(988, 'Urimare', 390),
	(989, 'Arístides Bastidas', 391),
	(990, 'Bolívar', 392),
	(991, 'Chivacoa', 407),
	(992, 'Campo Elías', 407),
	(993, 'Cocorote', 408),
	(994, 'Independencia', 409),
	(995, 'José Antonio Páez', 410),
	(996, 'La Trinidad', 411),
	(997, 'Manuel Monge', 412),
	(998, 'Salóm', 413),
	(999, 'Temerla', 413),
	(1000, 'Nirgua', 413),
	(1001, 'San Andrés', 414),
	(1002, 'Yaritagua', 414),
	(1003, 'San Javier', 415),
	(1004, 'Albarico', 415),
	(1005, 'San Felipe', 415),
	(1006, 'Sucre', 416),
	(1007, 'Urachiche', 417),
	(1008, 'El Guayabo', 418),
	(1009, 'Farriar', 418),
	(1010, 'Isla de Toas', 441),
	(1011, 'Monagas', 441),
	(1012, 'San Timoteo', 442),
	(1013, 'General Urdaneta', 442),
	(1014, 'Libertador', 442),
	(1015, 'Marcelino Briceño', 442),
	(1016, 'Pueblo Nuevo', 442),
	(1017, 'Manuel Guanipa Matos', 442),
	(1018, 'Ambrosio', 443),
	(1019, 'Carmen Herrera', 443),
	(1020, 'La Rosa', 443),
	(1021, 'Germán Ríos Linares', 443),
	(1022, 'San Benito', 443),
	(1023, 'Rómulo Betancourt', 443),
	(1024, 'Jorge Hernández', 443),
	(1025, 'Punta Gorda', 443),
	(1026, 'Arístides Calvani', 443),
	(1027, 'Encontrados', 444),
	(1028, 'Udón Pérez', 444),
	(1029, 'Moralito', 445),
	(1030, 'San Carlos del Zulia', 445),
	(1031, 'Santa Cruz del Zulia', 445),
	(1032, 'Santa Bárbara', 445),
	(1033, 'Urribarrí', 445),
	(1034, 'Carlos Quevedo', 446),
	(1035, 'Francisco Javier Pulgar', 446),
	(1036, 'Simón Rodríguez', 446),
	(1037, 'Guamo-Gavilanes', 446),
	(1038, 'La Concepción', 448),
	(1039, 'San José', 448),
	(1040, 'Mariano Parra León', 448),
	(1041, 'José Ramón Yépez', 448),
	(1042, 'Jesús María Semprún', 449),
	(1043, 'Barí', 449),
	(1044, 'Concepción', 450),
	(1045, 'Andrés Bello', 450),
	(1046, 'Chiquinquirá', 450),
	(1047, 'El Carmelo', 450),
	(1048, 'Potreritos', 450),
	(1049, 'Libertad', 451),
	(1050, 'Alonso de Ojeda', 451),
	(1051, 'Venezuela', 451),
	(1052, 'Eleazar López Contreras', 451),
	(1053, 'Campo Lara', 451),
	(1054, 'Bartolomé de las Casas', 452),
	(1055, 'Libertad', 452),
	(1056, 'Río Negro', 452),
	(1057, 'San José de Perijá', 452),
	(1058, 'San Rafael', 453),
	(1059, 'La Sierrita', 453),
	(1060, 'Las Parcelas', 453),
	(1061, 'Luis de Vicente', 453),
	(1062, 'Monseñor Marcos Sergio Godoy', 453),
	(1063, 'Ricaurte', 453),
	(1064, 'Tamare', 453),
	(1065, 'Antonio Borjas Romero', 454),
	(1066, 'Bolívar', 454),
	(1067, 'Cacique Mara', 454),
	(1068, 'Carracciolo Parra Pérez', 454),
	(1069, 'Cecilio Acosta', 454),
	(1070, 'Cristo de Aranza', 454),
	(1071, 'Coquivacoa', 454),
	(1072, 'Chiquinquirá', 454),
	(1073, 'Francisco Eugenio Bustamante', 454),
	(1074, 'Idelfonzo Vásquez', 454),
	(1075, 'Juana de Ávila', 454),
	(1076, 'Luis Hurtado Higuera', 454),
	(1077, 'Manuel Dagnino', 454),
	(1078, 'Olegario Villalobos', 454),
	(1079, 'Raúl Leoni', 454),
	(1080, 'Santa Lucía', 454),
	(1081, 'Venancio Pulgar', 454),
	(1082, 'San Isidro', 454),
	(1083, 'Altagracia', 455),
	(1084, 'Faría', 455),
	(1085, 'Ana María Campos', 455),
	(1086, 'San Antonio', 455),
	(1087, 'San José', 455),
	(1088, 'Donaldo García', 456),
	(1089, 'El Rosario', 456),
	(1090, 'Sixto Zambrano', 456),
	(1091, 'San Francisco', 457),
	(1092, 'El Bajo', 457),
	(1093, 'Domitila Flores', 457),
	(1094, 'Francisco Ochoa', 457),
	(1095, 'Los Cortijos', 457),
	(1096, 'Marcial Hernández', 457),
	(1097, 'Santa Rita', 458),
	(1098, 'El Mene', 458),
	(1099, 'Pedro Lucas Urribarrí', 458),
	(1100, 'José Cenobio Urribarrí', 458),
	(1101, 'Rafael Maria Baralt', 459),
	(1102, 'Manuel Manrique', 459),
	(1103, 'Rafael Urdaneta', 459),
	(1104, 'Bobures', 460),
	(1105, 'Gibraltar', 460),
	(1106, 'Heras', 460),
	(1107, 'Monseñor Arturo Álvarez', 460),
	(1108, 'Rómulo Gallegos', 460),
	(1109, 'El Batey', 460),
	(1110, 'Rafael Urdaneta', 461),
	(1111, 'La Victoria', 461),
	(1112, 'Raúl Cuenca', 461),
	(1113, 'Sinamaica', 447),
	(1114, 'Alta Guajira', 447),
	(1115, 'Elías Sánchez Rubio', 447),
	(1116, 'Guajira', 447),
	(1117, 'Altagracia', 462),
	(1118, 'Antímano', 462),
	(1119, 'Caricuao', 462),
	(1120, 'Catedral', 462),
	(1121, 'Coche', 462),
	(1122, 'El Junquito', 462),
	(1123, 'El Paraíso', 462),
	(1124, 'El Recreo', 462),
	(1125, 'El Valle', 462),
	(1126, 'La Candelaria', 462),
	(1127, 'La Pastora', 462),
	(1128, 'La Vega', 462),
	(1129, 'Macarao', 462),
	(1130, 'San Agustín', 462),
	(1131, 'San Bernardino', 462),
	(1132, 'San José', 462),
	(1133, 'San Juan', 462),
	(1134, 'San Pedro', 462),
	(1135, 'Santa Rosalía', 462),
	(1136, 'Santa Teresa', 462),
	(1137, 'Sucre (Catia)', 462),
	(1138, '23 de enero', 462);

-- Volcando estructura para tabla spc.password_resets
CREATE TABLE IF NOT EXISTS `password_resets` (
  `email` varchar(255) COLLATE utf8mb4_unicode_ci NOT NULL,
  `token` varchar(255) COLLATE utf8mb4_unicode_ci NOT NULL,
  `created_at` timestamp NULL DEFAULT NULL,
  KEY `password_resets_email_index` (`email`)
) ENGINE=InnoDB DEFAULT CHARSET=utf8mb4 COLLATE=utf8mb4_unicode_ci;

-- Volcando datos para la tabla spc.password_resets: ~0 rows (aproximadamente)

-- Volcando estructura para tabla spc.payments
CREATE TABLE IF NOT EXISTS `payments` (
  `id` bigint unsigned NOT NULL AUTO_INCREMENT,
  `reference` varchar(255) COLLATE utf8mb4_unicode_ci DEFAULT NULL,
  `amount` decimal(12,2) NOT NULL,
  `rate` decimal(12,2) NOT NULL DEFAULT '0.00',
  `tnx_amount` decimal(12,2) DEFAULT NULL,
  `approved` tinyint(1) DEFAULT NULL,
  `type` varchar(191) COLLATE utf8mb4_unicode_ci NOT NULL,
  `approved_at` date DEFAULT NULL,
  `approved_by` json DEFAULT NULL,
  `paymentable_type` varchar(255) COLLATE utf8mb4_unicode_ci NOT NULL,
  `paymentable_id` bigint unsigned NOT NULL,
  `payment_method_type_id` bigint unsigned NOT NULL,
  `created_at` timestamp NULL DEFAULT NULL,
  `updated_at` timestamp NULL DEFAULT NULL,
  `deleted_at` timestamp NULL DEFAULT NULL,
  PRIMARY KEY (`id`),
  KEY `payments_paymentable_type_paymentable_id_index` (`paymentable_type`,`paymentable_id`),
  KEY `payments_payment_method_type_id_foreign` (`payment_method_type_id`),
  CONSTRAINT `payments_payment_method_type_id_foreign` FOREIGN KEY (`payment_method_type_id`) REFERENCES `payment_methods` (`id`)
) ENGINE=InnoDB AUTO_INCREMENT=31 DEFAULT CHARSET=utf8mb4 COLLATE=utf8mb4_unicode_ci;

-- Volcando datos para la tabla spc.payments: ~22 rows (aproximadamente)
INSERT IGNORE INTO `payments` (`id`, `reference`, `amount`, `rate`, `tnx_amount`, `approved`, `type`, `approved_at`, `approved_by`, `paymentable_type`, `paymentable_id`, `payment_method_type_id`, `created_at`, `updated_at`, `deleted_at`) VALUES
	(1, '124578996', 500.00, 20.17, NULL, 0, 'Order', NULL, '{"name": "Admin Perron", "email": "perron@mail.com"}', 'App\\Models\\Order', 3, 1, '2023-01-19 18:13:00', '2023-01-20 19:53:58', NULL),
	(2, '14785216', 1110.00, 20.17, NULL, 1, 'Order', '2023-02-07', '{"name": "Admin Perron", "email": "perron@mail.com"}', 'App\\Models\\Order', 4, 2, '2023-01-20 15:38:44', '2023-02-07 18:32:56', NULL),
	(3, '787454878', 505.89, 20.17, NULL, 1, 'Order', '2023-01-20', '{"name": "Admin Perron", "email": "perron@mail.com"}', 'App\\Models\\Order', 3, 2, '2023-01-20 16:15:46', '2023-01-20 20:11:06', NULL),
	(4, '1478523', 3425.55, 20.17, NULL, 1, 'Order', '2023-01-23', '{"name": "Admin Perron", "email": "perron@mail.com"}', 'App\\Models\\Order', 5, 3, '2023-01-23 15:10:44', '2023-01-23 16:02:11', NULL),
	(5, '14785', 147.00, 20.17, NULL, 1, 'Order', '2023-01-23', '{"name": "Admin Perron", "email": "perron@mail.com"}', 'App\\Models\\Order', 6, 2, '2023-01-23 16:06:21', '2023-01-23 20:17:40', NULL),
	(6, '124578963', 61.00, 20.17, NULL, 1, 'Order', '2023-01-24', '{"name": "Admin Perron", "email": "perron@mail.com"}', 'App\\Models\\Order', 7, 2, '2023-01-24 17:40:18', '2023-01-24 17:41:28', NULL),
	(7, '1245', 88.00, 20.17, NULL, 1, 'Order', '2023-01-24', '{"name": "Admin Perron", "email": "perron@mail.com"}', 'App\\Models\\Order', 8, 3, '2023-01-24 17:51:54', '2023-01-24 20:08:11', NULL),
	(8, '147339', 800.00, 20.17, NULL, 1, 'Order', '2023-01-25', '{"name": "Admin Perron", "email": "perron@mail.com"}', 'App\\Models\\Order', 9, 2, '2023-01-25 15:05:08', '2023-01-25 18:11:31', NULL),
	(9, '124578', 51.00, 20.17, NULL, 1, 'Order', '2023-02-06', '{"name": "Admin Perron", "email": "perron@mail.com"}', 'App\\Models\\Order', 9, 1, '2023-02-06 18:32:23', '2023-02-06 18:39:43', NULL),
	(14, '14477788', 14.93, 23.14, NULL, 1, 'Order', '2023-02-06', '{"name": "Admin Perron", "email": "perron@mail.com"}', 'App\\Models\\Order', 8, 3, '2023-02-06 20:01:43', '2023-02-06 20:03:14', NULL),
	(15, '9794613', 1.00, 23.14, NULL, 1, 'Order', '2023-02-07', '{"name": "Admin Perron", "email": "perron@mail.com"}', 'App\\Models\\Order', 7, 3, '2023-02-07 14:43:23', '2023-02-07 14:43:30', NULL),
	(16, '122348878', 320.50, 23.14, NULL, 1, 'Order', '2023-02-07', '{"name": "Admin Perron", "email": "perron@mail.com"}', 'App\\Models\\Order', 6, 2, '2023-02-07 18:19:00', '2023-02-07 18:21:23', NULL),
	(17, '12245478', 110.45, 23.14, NULL, 1, 'Order', '2023-02-07', '{"name": "Admin Perron", "email": "perron@mail.com"}', 'App\\Models\\Order', 4, 2, '2023-02-07 18:36:25', '2023-02-07 18:36:29', NULL),
	(18, '124714', 0.50, 23.14, NULL, 1, 'Order', '2023-02-07', '{"name": "Admin Perron", "email": "perron@mail.com"}', 'App\\Models\\Order', 4, 3, '2023-02-07 18:39:39', '2023-02-07 18:39:49', NULL),
	(23, '12345678', 4224.00, 23.14, NULL, 1, 'Order', '2023-02-07', '{"name": "Admin Perron", "email": "perron@mail.com"}', 'App\\Models\\Order', 1, 3, '2023-02-07 19:04:00', '2023-02-07 19:26:42', NULL),
	(24, '1234578', 240.00, 23.14, NULL, 1, 'Order', '2023-02-07', '{"name": "Admin Perron", "email": "perron@mail.com"}', 'App\\Models\\Order', 1, 2, '2023-02-07 19:27:56', '2023-02-07 19:30:43', NULL),
	(25, '14785231', 94393.99, 23.14, NULL, 1, 'Order', '2023-02-09', '{"name": "Admin Perron", "email": "perron@mail.com"}', 'App\\Models\\Order', 11, 4, '2023-02-09 18:44:44', '2023-02-09 18:45:44', NULL),
	(26, '124548', 30667.70, 23.14, NULL, 1, 'Order', '2023-02-09', '{"name": "Admin Perron", "email": "perron@mail.com"}', 'App\\Models\\Order', 10, 4, '2023-02-09 18:54:19', '2023-02-09 18:55:30', NULL),
	(27, '132345', 864.30, 23.14, NULL, 1, 'Order', '2023-02-09', '{"name": "Admin Perron", "email": "perron@mail.com"}', 'App\\Models\\Order', 10, 3, '2023-02-09 18:55:23', '2023-02-09 18:55:32', NULL),
	(28, NULL, 0.00, 23.14, NULL, 1, 'Purchases', '2023-02-10', '{"name": "Admin Perron", "email": "perron@mail.com"}', 'App\\Models\\Purchases', 3, 1, '2023-02-10 19:42:51', '2023-02-10 19:42:51', NULL),
	(29, NULL, 0.00, 23.14, NULL, 1, 'Purchases', '2023-02-10', '{"name": "Admin Perron", "email": "perron@mail.com"}', 'App\\Models\\Purchases', 4, 1, '2023-02-10 19:46:14', '2023-02-10 19:46:14', NULL),
	(30, NULL, 0.00, 23.14, NULL, 1, 'Expense', '2023-02-10', '{"name": "Admin Perron", "email": "perron@mail.com"}', 'App\\Models\\Expense', 1, 1, '2023-02-10 19:48:12', '2023-02-10 19:48:12', NULL);

-- Volcando estructura para tabla spc.payment_methods
CREATE TABLE IF NOT EXISTS `payment_methods` (
  `id` bigint unsigned NOT NULL AUTO_INCREMENT,
  `active` tinyint(1) NOT NULL,
  `currency_type_id` varchar(50) COLLATE utf8mb4_unicode_ci DEFAULT NULL,
  `name` varchar(255) COLLATE utf8mb4_unicode_ci NOT NULL,
  `deleted_at` timestamp NULL DEFAULT NULL,
  PRIMARY KEY (`id`),
  KEY `payment_methods_currency_type_id_foreign` (`currency_type_id`),
  CONSTRAINT `payment_methods_currency_type_id_foreign` FOREIGN KEY (`currency_type_id`) REFERENCES `currencies` (`id`)
) ENGINE=InnoDB AUTO_INCREMENT=7 DEFAULT CHARSET=utf8mb4 COLLATE=utf8mb4_unicode_ci;

-- Volcando datos para la tabla spc.payment_methods: ~6 rows (aproximadamente)
INSERT IGNORE INTO `payment_methods` (`id`, `active`, `currency_type_id`, `name`, `deleted_at`) VALUES
	(1, 1, 'USD', 'Efectivo (USD)', NULL),
	(2, 1, 'USD', 'Zelle', NULL),
	(3, 1, 'USD', 'Transferencia Internacional', NULL),
	(4, 1, 'VEF', 'Mercantil', NULL),
	(5, 1, 'VEF', 'Banesco', NULL),
	(6, 0, 'VEF', 'comprobante de retencion', NULL);

-- Volcando estructura para tabla spc.payrolls
CREATE TABLE IF NOT EXISTS `payrolls` (
  `id` bigint unsigned NOT NULL AUTO_INCREMENT,
  `uuid` char(36) COLLATE utf8mb4_unicode_ci NOT NULL,
  `from` date DEFAULT NULL,
  `to` date DEFAULT NULL,
  `total_allocations` decimal(12,2) NOT NULL DEFAULT '0.00',
  `total_deductions` decimal(12,2) NOT NULL DEFAULT '0.00',
  `total` decimal(12,2) NOT NULL DEFAULT '0.00',
  `total_in_letters` varchar(191) COLLATE utf8mb4_unicode_ci DEFAULT NULL,
  `user_id` bigint unsigned NOT NULL,
  `created_at` timestamp NULL DEFAULT NULL,
  `updated_at` timestamp NULL DEFAULT NULL,
  `deleted_at` timestamp NULL DEFAULT NULL,
  PRIMARY KEY (`id`),
  KEY `payrolls_user_id_foreign` (`user_id`),
  CONSTRAINT `payrolls_user_id_foreign` FOREIGN KEY (`user_id`) REFERENCES `users` (`id`)
) ENGINE=InnoDB DEFAULT CHARSET=utf8mb4 COLLATE=utf8mb4_unicode_ci;

-- Volcando datos para la tabla spc.payrolls: ~0 rows (aproximadamente)

-- Volcando estructura para tabla spc.payroll_employees
CREATE TABLE IF NOT EXISTS `payroll_employees` (
  `id` bigint unsigned NOT NULL AUTO_INCREMENT,
  `from` date DEFAULT NULL,
  `to` date DEFAULT NULL,
  `employee` json NOT NULL,
  `allowances` json NOT NULL,
  `total_allocations` decimal(12,2) NOT NULL DEFAULT '0.00',
  `total_deductions` decimal(12,2) NOT NULL DEFAULT '0.00',
  `total` decimal(12,2) NOT NULL DEFAULT '0.00',
  `total_in_letters` varchar(191) COLLATE utf8mb4_unicode_ci DEFAULT NULL,
  `payroll_id` bigint unsigned NOT NULL,
  `employee_id` bigint unsigned NOT NULL,
  `created_at` timestamp NULL DEFAULT NULL,
  `updated_at` timestamp NULL DEFAULT NULL,
  PRIMARY KEY (`id`),
  KEY `payroll_employees_payroll_id_foreign` (`payroll_id`),
  KEY `payroll_employees_employee_id_foreign` (`employee_id`),
  CONSTRAINT `payroll_employees_employee_id_foreign` FOREIGN KEY (`employee_id`) REFERENCES `employees` (`id`),
  CONSTRAINT `payroll_employees_payroll_id_foreign` FOREIGN KEY (`payroll_id`) REFERENCES `payrolls` (`id`) ON DELETE CASCADE
) ENGINE=InnoDB DEFAULT CHARSET=utf8mb4 COLLATE=utf8mb4_unicode_ci;

-- Volcando datos para la tabla spc.payroll_employees: ~0 rows (aproximadamente)

-- Volcando estructura para tabla spc.people
CREATE TABLE IF NOT EXISTS `people` (
  `id` bigint unsigned NOT NULL AUTO_INCREMENT,
  `uuid` char(36) COLLATE utf8mb4_unicode_ci NOT NULL,
  `code` varchar(191) COLLATE utf8mb4_unicode_ci DEFAULT NULL,
  `type` enum('customer','supplier') COLLATE utf8mb4_unicode_ci NOT NULL DEFAULT 'customer',
  `number` varchar(255) COLLATE utf8mb4_unicode_ci NOT NULL,
  `trade_name` varchar(255) COLLATE utf8mb4_unicode_ci DEFAULT NULL,
  `email` varchar(255) COLLATE utf8mb4_unicode_ci DEFAULT NULL,
  `phone` varchar(255) COLLATE utf8mb4_unicode_ci DEFAULT NULL,
  `address` varchar(255) COLLATE utf8mb4_unicode_ci DEFAULT NULL,
  `contact` json DEFAULT NULL,
  `is_special_taxpayer` tinyint(1) NOT NULL DEFAULT '0',
  `retention_percent` decimal(5,2) DEFAULT NULL,
  `credit_enabled` tinyint(1) NOT NULL DEFAULT '0',
  `max_credit_time` int unsigned DEFAULT NULL,
  `status` tinyint(1) NOT NULL DEFAULT '0',
  `peoples_types_id` bigint unsigned NOT NULL,
  `identity_document_type_id` bigint unsigned NOT NULL,
  `assigned_price` varchar(255) COLLATE utf8mb4_unicode_ci NOT NULL DEFAULT 'general',
  `peopleable_type` varchar(255) COLLATE utf8mb4_unicode_ci DEFAULT NULL,
  `peopleable_id` bigint unsigned DEFAULT NULL,
  `created_at` timestamp NULL DEFAULT NULL,
  `updated_at` timestamp NULL DEFAULT NULL,
  `deleted_at` timestamp NULL DEFAULT NULL,
  PRIMARY KEY (`id`),
  KEY `people_peoples_types_id_foreign` (`peoples_types_id`),
  KEY `people_identity_document_type_id_foreign` (`identity_document_type_id`),
  KEY `people_peopleable_type_peopleable_id_index` (`peopleable_type`,`peopleable_id`),
  CONSTRAINT `people_identity_document_type_id_foreign` FOREIGN KEY (`identity_document_type_id`) REFERENCES `identifications` (`id`),
  CONSTRAINT `people_peoples_types_id_foreign` FOREIGN KEY (`peoples_types_id`) REFERENCES `peoples_types` (`id`)
) ENGINE=InnoDB AUTO_INCREMENT=41 DEFAULT CHARSET=utf8mb4 COLLATE=utf8mb4_unicode_ci;

-- Volcando datos para la tabla spc.people: ~40 rows (aproximadamente)
INSERT IGNORE INTO `people` (`id`, `uuid`, `code`, `type`, `number`, `trade_name`, `email`, `phone`, `address`, `contact`, `is_special_taxpayer`, `retention_percent`, `credit_enabled`, `max_credit_time`, `status`, `peoples_types_id`, `identity_document_type_id`, `assigned_price`, `peopleable_type`, `peopleable_id`, `created_at`, `updated_at`, `deleted_at`) VALUES
	(1, 'db6a6e20-9353-11ed-9846-222b2004cae1', '00001', 'customer', '67847464', 'Persistent bottom-line hierarchy', 'quiroz.marina@example.net', '+904261953116', 'Plaza José Manuel, 54, 5º F, 02467, La Altamirano de Arriba', '{"name": "Sra. Olivia Zepeda", "email": "jaime19@example.org", "phone": "+527084179881"}', 1, 12.00, 1, 6, 1, 2, 5, 'general', 'App\\Models\\Zone', 1, '2023-01-13 15:06:29', '2023-01-13 15:06:29', NULL),
	(2, 'db6b475a-9353-11ed-992e-222b2004cae1', '00002', 'customer', '04691952', 'Balanced tertiary matrices', 'valentina02@example.com', '+633308557985', 'Paseo Gurule, 70, Bajos, 03323, Os Sáenz del Puerto', '{"name": "Yeray Benítez", "email": "alexandra.alva@example.org", "phone": "+576902885150"}', 1, 82.00, 1, 5, 1, 2, 5, 'general', 'App\\Models\\Zone', 1, '2023-01-13 15:06:29', '2023-01-13 15:06:29', NULL),
	(3, 'db6c2b20-9353-11ed-bc1a-222b2004cae1', '00003', 'customer', '04775423', 'Realigned mobile moderator', 'fierro.diana@example.net', '+37345142267', 'Praza César, 2, 9º F, 50083, Las Gutiérrez', '{"name": "Dña Blanca Tafoya", "email": "svalle@example.com", "phone": "+354933509461"}', 1, 16.00, 1, 2, 1, 2, 5, 'general', 'App\\Models\\Zone', 1, '2023-01-13 15:06:29', '2023-01-13 15:06:29', NULL),
	(4, 'db6ce56a-9353-11ed-8437-222b2004cae1', '00004', 'customer', '20615024', 'Seamless motivating extranet', 'ovarela@example.com', '+22245988560', 'Paseo Manuel, 6, 9º C, 86177, San Caballero', '{"name": "Oliver Cavazos", "email": "uacevedo@example.com", "phone": "+211224901335"}', 1, 28.00, 0, NULL, 1, 1, 2, 'general', 'App\\Models\\Zone', 2, '2023-01-13 15:06:29', '2023-01-13 15:06:29', NULL),
	(5, 'db6dcd40-9353-11ed-84df-222b2004cae1', '00005', 'customer', '47187467', 'Re-contextualized dynamic budgetarymanagement', 'nicolas18@example.net', '+38626400084', 'Rúa Esther, 2, 0º C, 97504, Munguía del Penedès', '{"name": "Pablo Estrada", "email": "uespino@example.org", "phone": "+35623028689"}', 0, NULL, 0, NULL, 1, 2, 1, 'general', 'App\\Models\\Zone', 2, '2023-01-13 15:06:29', '2023-01-13 15:06:29', NULL),
	(6, 'db6eb138-9353-11ed-92ca-222b2004cae1', '00006', 'customer', '22743275', 'Open-architected value-added website', 'mpedraza@example.com', '+221121733331', 'Ruela Figueroa, 85, 58º B, 21086, El Serra', '{"name": "Antonio Guillen Hijo", "email": "osorio.cristian@example.com", "phone": "+85303725436"}', 1, 45.00, 1, 8, 1, 1, 3, 'general', 'App\\Models\\Zone', 2, '2023-01-13 15:06:29', '2023-01-13 15:06:29', NULL),
	(7, 'db6f7712-9353-11ed-aba0-222b2004cae1', '00007', 'customer', '19615455', 'Digitized heuristic encryption', 'arteaga.raquel@example.com', '+962487049030', 'Plaza Serrano, 383, 37º D, 99235, Sevilla del Vallès', '{"name": "Sofía Malave", "email": "abril.briones@example.com", "phone": "+4764414094"}', 0, NULL, 0, NULL, 1, 1, 5, 'general', 'App\\Models\\Zone', 3, '2023-01-13 15:06:29', '2023-01-13 15:06:29', NULL),
	(8, 'db705f56-9353-11ed-a68e-222b2004cae1', '00008', 'customer', '07730573', 'Upgradable background focusgroup', 'encarnacion.jasso@example.com', '+242912244555', 'Camino Maestas, 78, 9º E, 65699, Montañez del Pozo', '{"name": "Mireia Rojas Hijo", "email": "rangel.carmen@example.org", "phone": "+921080907687"}', 0, NULL, 0, NULL, 1, 1, 4, 'general', 'App\\Models\\Zone', 3, '2023-01-13 15:06:29', '2023-01-13 15:06:29', NULL),
	(9, 'db712fe4-9353-11ed-9dca-222b2004cae1', '00009', 'customer', '20110802', 'Managed systematic synergy', 'julia10@example.org', '+672278506', 'Praza Leo, 13, 35º E, 38375, Quiñones de Arriba', '{"name": "Dr. Nora Partida Segundo", "email": "wnino@example.net", "phone": "+438275470652"}', 0, NULL, 1, 15, 1, 2, 5, 'general', 'App\\Models\\Zone', 3, '2023-01-13 15:06:29', '2023-01-13 15:06:29', NULL),
	(10, 'db71eb1e-9353-11ed-b935-222b2004cae1', '00010', 'customer', '86668316', 'Business-focused transitional initiative', 'jtoro@example.com', '+299064626', 'Camino Yaiza, 718, 04º A, 05208, Villa De la Torre del Pozo', '{"name": "Martín Velásquez", "email": "pablo87@example.net", "phone": "+9706955692900"}', 0, NULL, 1, 13, 1, 1, 5, 'general', 'App\\Models\\Zone', 4, '2023-01-13 15:06:29', '2023-01-13 15:06:29', NULL),
	(11, 'db72de52-9353-11ed-95e4-222b2004cae1', '00011', 'customer', '41095942', 'Assimilated grid-enabled capability', 'yago.gastelum@example.com', '+9700082634894', 'Rúa Atencio, 489, Bajos, 84055, Cervántez Alta', '{"name": "Izan Rosa Segundo", "email": "cortes.miguel@example.net", "phone": "+8550678708024"}', 1, 7.00, 1, 10, 1, 2, 1, 'general', 'App\\Models\\Zone', 4, '2023-01-13 15:06:29', '2023-01-13 15:06:29', NULL),
	(12, 'db73bcdc-9353-11ed-ba6a-222b2004cae1', '00012', 'customer', '13264857', 'Customizable national projection', 'veliz.dario@example.org', '+6882291320', 'Ruela Jorge, 67, 33º E, 89521, Los Melgar', '{"name": "Sra. Clara Fierro", "email": "sara72@example.net", "phone": "+67508224149"}', 1, 26.00, 1, 1, 1, 2, 5, 'general', 'App\\Models\\Zone', 4, '2023-01-13 15:06:29', '2023-01-13 15:06:29', NULL),
	(13, 'db747d7a-9353-11ed-b7d1-222b2004cae1', '00013', 'customer', '00809375', 'Synergized client-server projection', 'sergio81@example.net', '+354944796545', 'Camiño Julia, 167, 2º D, 36610, Villa Bravo', '{"name": "Sr. Rubén Benavídez Hijo", "email": "carmen82@example.org", "phone": "+22618652360"}', 1, 43.00, 1, 12, 1, 2, 5, 'general', 'App\\Models\\Zone', 5, '2023-01-13 15:06:29', '2023-01-13 15:06:29', NULL),
	(14, 'db7548e0-9353-11ed-bf00-222b2004cae1', '00014', 'customer', '66791690', 'Devolved solution-oriented policy', 'sdomingo@example.net', '+387454808539', 'Ronda Rosario, 9, 9º 6º, 14075, Valero del Bages', '{"name": "Sr. Yago Robles Segundo", "email": "torta@example.com", "phone": "+480482181212"}', 0, NULL, 1, 6, 1, 1, 3, 'general', 'App\\Models\\Zone', 5, '2023-01-13 15:06:29', '2023-01-13 15:06:29', NULL),
	(15, 'db763e4e-9353-11ed-9cd4-222b2004cae1', '00015', 'customer', '15045805', 'Cross-group methodical matrix', 'ypastor@example.org', '+301921294084', 'Camino José Antonio, 148, Bajos, 03253, El Guerrero del Penedès', '{"name": "Antonia Santamaría Segundo", "email": "espino.lidia@example.net", "phone": "+9640479145403"}', 0, NULL, 0, NULL, 1, 1, 1, 'general', 'App\\Models\\Zone', 5, '2023-01-13 15:06:29', '2023-01-13 15:06:29', NULL),
	(16, 'db7753f6-9353-11ed-a8c0-222b2004cae1', '00016', 'customer', '95016979', 'Right-sized bi-directional frame', 'africa97@example.com', '+571741959315', 'Passeig Salma, 104, Bajo 3º, 73562, A Collazo del Bages', '{"name": "Carolina Irizarry", "email": "rgimenez@example.com", "phone": "+51789014738"}', 1, 31.00, 1, 1, 1, 1, 1, 'general', 'App\\Models\\Zone', 6, '2023-01-13 15:06:29', '2023-01-13 15:06:29', NULL),
	(17, 'db784694-9353-11ed-8eab-222b2004cae1', '00017', 'customer', '10673690', 'Implemented user-facing middleware', 'guerra.aurora@example.org', '+244853847776', 'Calle Sauceda, 608, 2º D, 16776, Gámez Medio', '{"name": "Yeray Ulibarri", "email": "alex36@example.org", "phone": "+3729840562828"}', 0, NULL, 1, 3, 1, 1, 2, 'general', 'App\\Models\\Zone', 6, '2023-01-13 15:06:29', '2023-01-13 15:06:29', NULL),
	(18, 'db79313a-9353-11ed-ab29-222b2004cae1', '00018', 'customer', '50744015', 'Total zeroadministration collaboration', 'samaniego.pol@example.org', '+822983324622', 'Camino Velasco, 5, 0º, 52861, Vall Fajardo', '{"name": "Clara Quezada", "email": "arias.mariapilar@example.com", "phone": "+995880108819"}', 0, NULL, 0, NULL, 1, 2, 1, 'general', 'App\\Models\\Zone', 6, '2023-01-13 15:06:29', '2023-01-13 15:06:29', NULL),
	(19, 'db7a2d6a-9353-11ed-bc1d-222b2004cae1', '00019', 'customer', '76469787', 'Polarised optimal opensystem', 'carvajal.nicolas@example.com', '+6902936190', 'Ruela Inmaculada, 64, Entre suelo 9º, 78434, L\' Cuellar', '{"name": "Naiara Nájera Hijo", "email": "carolina.ros@example.org", "phone": "+4557097604"}', 0, NULL, 1, 9, 1, 1, 4, 'general', 'App\\Models\\Zone', 7, '2023-01-13 15:06:29', '2023-01-13 15:06:29', NULL),
	(20, 'db7afe70-9353-11ed-8567-222b2004cae1', '00020', 'customer', '70372069', 'Diverse actuating concept', 'david.laureano@example.com', '+6904424306', 'Camiño Olmos, 3, 29º F, 90007, O Castillo del Bages', '{"name": "Sra. Carla Girón", "email": "sedillo.pedro@example.org", "phone": "+590882981697"}', 1, 56.00, 1, 12, 1, 1, 3, 'general', 'App\\Models\\Zone', 7, '2023-01-13 15:06:29', '2023-01-13 15:06:29', NULL),
	(21, 'db7bdcf0-9353-11ed-8669-222b2004cae1', '00021', 'customer', '88791883', 'User-centric dynamic emulation', 'valentina.villagomez@example.org', '+6730709790', 'Plaza Curiel, 14, 71º C, 44117, Piña del Penedès', '{"name": "Laia Vélez", "email": "emilia55@example.org", "phone": "+22622482964"}', 0, NULL, 0, NULL, 1, 2, 4, 'general', 'App\\Models\\Zone', 7, '2023-01-13 15:06:29', '2023-01-13 15:06:29', NULL),
	(22, 'db7cb95e-9353-11ed-b12d-222b2004cae1', '00022', 'customer', '62405607', 'Cloned secondary forecast', 'julia42@example.com', '+233848466736', 'Plaça Aitor, 65, 32º C, 24813, As Lorente', '{"name": "María Ángeles Martín Segundo", "email": "anguiano.gael@example.net", "phone": "+878497244608245"}', 0, NULL, 1, 9, 1, 1, 2, 'general', 'App\\Models\\Zone', 8, '2023-01-13 15:06:29', '2023-01-13 15:06:29', NULL),
	(23, 'db7da2ce-9353-11ed-b8a6-222b2004cae1', '00023', 'customer', '12946273', 'Integrated needs-based securedline', 'ainhoa.ruiz@example.org', '+5932003068073', 'Travesía Delgadillo, 9, 60º D, 58454, Cobo Baja', '{"name": "Manuel Ramos", "email": "roldan.aaron@example.org", "phone": "+24135243841"}', 0, NULL, 0, NULL, 1, 1, 5, 'general', 'App\\Models\\Zone', 8, '2023-01-13 15:06:29', '2023-01-13 15:06:29', NULL),
	(24, 'db7e8270-9353-11ed-a6ed-222b2004cae1', '00024', 'customer', '35938385', 'User-friendly systemic processimprovement', 'caballero.josefa@example.org', '+37499370736', 'Avenida Yaiza, 222, 8º A, 20835, Vergara de Ulla', '{"name": "José Manuel Negrete", "email": "tejeda.pablo@example.org", "phone": "+9724399772589"}', 1, 26.00, 1, 12, 1, 2, 4, 'general', 'App\\Models\\Zone', 8, '2023-01-13 15:06:29', '2023-01-13 15:06:29', NULL),
	(25, 'db802f26-9353-11ed-ab6e-222b2004cae1', '00025', 'customer', '63963878', 'Balanced responsive forecast', 'yago.fernandez@example.com', '+23681993412', 'Passeig Ángeles, 273, 08º D, 47079, La Ordoñez de Lemos', '{"name": "Héctor Verduzco", "email": "abril.guzman@example.com", "phone": "+5016837497"}', 0, NULL, 1, 1, 1, 2, 1, 'general', 'App\\Models\\Zone', 9, '2023-01-13 15:06:29', '2023-01-13 15:06:29', NULL),
	(26, 'db811a9e-9353-11ed-9bdc-222b2004cae1', '00026', 'customer', '82084707', 'Re-engineered content-based array', 'leire90@example.net', '+22952154113', 'Calle Montaño, 798, 64º C, 46514, Los Alonso del Vallès', '{"name": "Ing. Aaron Zepeda Tercero", "email": "africa.herrero@example.com", "phone": "+923106623124"}', 0, NULL, 0, NULL, 1, 2, 4, 'general', 'App\\Models\\Zone', 9, '2023-01-13 15:06:29', '2023-01-13 15:06:29', NULL),
	(27, 'db81f4aa-9353-11ed-a1f5-222b2004cae1', '00027', 'customer', '20510589', 'Open-source non-volatile hub', 'parra.rosa@example.org', '+9766222334646', 'Praza Leo, 45, 4º A, 25515, Rivero del Penedès', '{"name": "Lucas Méndez Tercero", "email": "zamudio.luisa@example.org", "phone": "+251691650392"}', 1, 61.00, 1, 8, 1, 2, 2, 'general', 'App\\Models\\Zone', 9, '2023-01-13 15:06:29', '2023-01-13 15:06:29', NULL),
	(28, 'db8304e4-9353-11ed-aaaa-222b2004cae1', '00028', 'customer', '44144586', 'Distributed systemic hardware', 'ojaime@example.org', '+998942311045', 'Avenida Badillo, 49, 83º C, 54452, Velásquez del Pozo', '{"name": "Candela De la Cruz", "email": "psedillo@example.com", "phone": "+3589989579194"}', 1, 3.00, 0, NULL, 1, 2, 5, 'general', 'App\\Models\\Zone', 10, '2023-01-13 15:06:29', '2023-01-13 15:06:29', NULL),
	(29, 'db840600-9353-11ed-ac90-222b2004cae1', '00029', 'customer', '32176223', 'Future-proofed eco-centric architecture', 'jgalan@example.com', '+351966264424', 'Camino Victoria, 253, Bajo 0º, 81692, Los Conde del Pozo', '{"name": "Candela Santillán", "email": "benito.mario@example.com", "phone": "+9664405344499"}', 0, NULL, 0, NULL, 1, 1, 5, 'general', 'App\\Models\\Zone', 10, '2023-01-13 15:06:29', '2023-01-13 15:06:29', NULL),
	(30, 'db850898-9353-11ed-8094-222b2004cae1', '00030', 'customer', '45089428', 'Assimilated 3rdgeneration systemengine', 'sola.mireia@example.net', '+920106723058', 'Travessera Cristian, 2, 10º B, 09266, L\' Luján', '{"name": "Antonia Hernando", "email": "oscar09@example.org", "phone": "+616187892727"}', 1, 3.00, 1, 12, 1, 2, 5, 'general', 'App\\Models\\Zone', 10, '2023-01-13 15:06:29', '2023-01-13 15:06:29', NULL),
	(31, 'db8baef0-9353-11ed-9bd6-222b2004cae1', '00031', 'supplier', '30494152', 'Future-proofed analyzing opensystem', 'requena.inmaculada@example.net', '+376216854648', 'Ruela Cristina, 9, Bajos, 15307, L\' Cadena de Arriba', '{"name": "Sara Sola", "email": "guillermo88@example.net", "phone": "+50950074309"}', 0, NULL, 0, NULL, 1, 1, 1, 'general', NULL, NULL, '2023-01-13 15:06:29', '2023-01-13 15:06:29', NULL),
	(32, 'db8c1624-9353-11ed-9940-222b2004cae1', '00031', 'supplier', '79867283', 'Adaptive object-oriented extranet', 'fernando.reyes@example.org', '+50625968268', 'Avinguda Teresa, 339, 4º A, 16790, Os Oquendo de la Sierra', '{"name": "Ing. Ángel Polo Hijo", "email": "mesa.pedro@example.net", "phone": "+2692143593"}', 0, NULL, 0, NULL, 1, 2, 1, 'general', NULL, NULL, '2023-01-13 15:06:29', '2023-01-13 15:06:29', NULL),
	(33, 'db8c8974-9353-11ed-a13a-222b2004cae1', '00031', 'supplier', '69207266', 'Progressive mission-critical throughput', 'bcamacho@example.org', '+6904626496', 'Avenida Llamas, 451, Bajo 2º, 26699, Vall Portillo', '{"name": "Enrique Gurule", "email": "xaltamirano@example.org", "phone": "+446755291099"}', 0, NULL, 0, NULL, 1, 2, 5, 'general', NULL, NULL, '2023-01-13 15:06:29', '2023-01-13 15:06:29', NULL),
	(34, 'db8ce824-9353-11ed-8899-222b2004cae1', '00031', 'supplier', '81456307', 'Robust leadingedge database', 'yolanda92@example.net', '+23566731536', 'Camino Gonzalo, 33, 55º F, 20598, Sedillo del Penedès', '{"name": "Omar Zamudio", "email": "zcasanova@example.org", "phone": "+221076310065"}', 0, NULL, 0, NULL, 1, 2, 3, 'general', NULL, NULL, '2023-01-13 15:06:29', '2023-01-13 15:06:29', NULL),
	(35, 'db8d4274-9353-11ed-bae2-222b2004cae1', '00031', 'supplier', '34770160', 'Devolved systematic database', 'bruno34@example.net', '+543567781880', 'Camino Flores, 27, 62º 9º, 15900, Vall Trujillo del Mirador', '{"name": "Aleix Briseño", "email": "zapata.jaime@example.com", "phone": "+5928525105"}', 0, NULL, 0, NULL, 1, 1, 4, 'general', NULL, NULL, '2023-01-13 15:06:29', '2023-01-13 15:06:29', NULL),
	(36, 'db8da23c-9353-11ed-b061-222b2004cae1', '00031', 'supplier', '81619795', 'Horizontal mobile processimprovement', 'alicia.vega@example.net', '+6807021435', 'Calle Blanca, 65, 6º E, 32913, Mata del Pozo', '{"name": "Alexandra Martí", "email": "africa38@example.org", "phone": "+5014509726"}', 0, NULL, 0, NULL, 1, 1, 3, 'general', NULL, NULL, '2023-01-13 15:06:29', '2023-01-13 15:06:29', NULL),
	(37, 'db8dfcf0-9353-11ed-9706-222b2004cae1', '00031', 'supplier', '82707170', 'Persistent reciprocal GraphicalUserInterface', 'enrique.olivas@example.com', '+2915363600', 'Praza Eric, 22, Bajos, 09889, Villegas de las Torres', '{"name": "Pedro Moya", "email": "rocio79@example.com", "phone": "+298334879"}', 0, NULL, 0, NULL, 1, 2, 5, 'general', NULL, NULL, '2023-01-13 15:06:29', '2023-01-13 15:06:29', NULL),
	(38, 'db8e542a-9353-11ed-b4f8-222b2004cae1', '00031', 'supplier', '96990360', 'Intuitive 4thgeneration service-desk', 'miguel78@example.com', '+97425879183', 'Paseo Lucía, 91, Bajo 5º, 88453, L\' Nieto', '{"name": "Lic. Omar Alfaro", "email": "angeles09@example.com", "phone": "+6767310951"}', 0, NULL, 0, NULL, 1, 2, 2, 'general', NULL, NULL, '2023-01-13 15:06:29', '2023-01-13 15:06:29', NULL),
	(39, 'db8eaea2-9353-11ed-8a96-222b2004cae1', '00031', 'supplier', '99520106', 'Configurable regional processimprovement', 'bruno.caban@example.com', '+901440301259', 'Calle Salazar, 35, 76º C, 51731, Martos Medio', '{"name": "Gael Maestas", "email": "ecarbonell@example.net", "phone": "+22741961053"}', 0, NULL, 0, NULL, 1, 2, 4, 'general', NULL, NULL, '2023-01-13 15:06:29', '2023-01-13 15:06:29', NULL),
	(40, 'db8f0884-9353-11ed-aa7b-222b2004cae1', '00031', 'supplier', '68053147', 'Multi-tiered web-enabled methodology', 'nuria81@example.com', '+9600944270390', 'Travesía Mejía, 74, 33º 3º, 62937, A Orta', '{"name": "Emilia Serrano", "email": "peres.marina@example.com", "phone": "+900922570658"}', 0, NULL, 0, NULL, 1, 1, 5, 'general', NULL, NULL, '2023-01-13 15:06:29', '2023-01-13 15:06:29', NULL);

-- Volcando estructura para tabla spc.peoples_types
CREATE TABLE IF NOT EXISTS `peoples_types` (
  `id` bigint unsigned NOT NULL AUTO_INCREMENT,
  `name` varchar(255) COLLATE utf8mb4_unicode_ci DEFAULT NULL,
  `created_at` timestamp NULL DEFAULT NULL,
  `updated_at` timestamp NULL DEFAULT NULL,
  PRIMARY KEY (`id`)
) ENGINE=InnoDB AUTO_INCREMENT=3 DEFAULT CHARSET=utf8mb4 COLLATE=utf8mb4_unicode_ci;

-- Volcando datos para la tabla spc.peoples_types: ~2 rows (aproximadamente)
INSERT IGNORE INTO `peoples_types` (`id`, `name`, `created_at`, `updated_at`) VALUES
	(1, 'Interno', '2023-01-13 15:06:28', '2023-01-13 15:06:28'),
	(2, 'Distribuidor', '2023-01-13 15:06:28', '2023-01-13 15:06:28');

-- Volcando estructura para tabla spc.permissions
CREATE TABLE IF NOT EXISTS `permissions` (
  `id` bigint unsigned NOT NULL AUTO_INCREMENT,
  `name` varchar(255) COLLATE utf8mb4_unicode_ci NOT NULL,
  `description` varchar(191) COLLATE utf8mb4_unicode_ci NOT NULL,
  `guard_name` varchar(255) COLLATE utf8mb4_unicode_ci NOT NULL,
  `created_at` timestamp NULL DEFAULT NULL,
  `updated_at` timestamp NULL DEFAULT NULL,
  PRIMARY KEY (`id`),
  UNIQUE KEY `permissions_name_guard_name_unique` (`name`,`guard_name`)
) ENGINE=InnoDB AUTO_INCREMENT=19 DEFAULT CHARSET=utf8mb4 COLLATE=utf8mb4_unicode_ci;

-- Volcando datos para la tabla spc.permissions: ~18 rows (aproximadamente)
INSERT IGNORE INTO `permissions` (`id`, `name`, `description`, `guard_name`, `created_at`, `updated_at`) VALUES
	(1, 'perron', 'perron', 'web', '2023-01-13 15:06:21', '2023-01-13 15:06:21'),
	(2, 'dashboard', 'Graficas y reportes', 'web', '2023-01-13 15:06:21', '2023-01-13 15:06:21'),
	(3, 'roles', 'Asignar role a usuario', 'web', '2023-01-13 15:06:21', '2023-01-13 15:06:21'),
	(4, 'users', 'Usuarios', 'web', '2023-01-13 15:06:21', '2023-01-13 15:06:21'),
	(5, 'people', 'Clientes', 'web', '2023-01-13 15:06:21', '2023-01-13 15:06:21'),
	(6, 'settings', 'Configuracion', 'web', '2023-01-13 15:06:21', '2023-01-13 15:06:21'),
	(7, 'products', 'Productos', 'web', '2023-01-13 15:06:21', '2023-01-13 15:06:21'),
	(8, 'sales', 'Ventas', 'web', '2023-01-13 15:06:21', '2023-01-13 15:06:21'),
	(9, 'credits', 'Notas de credito', 'web', '2023-01-13 15:06:21', '2023-01-13 15:06:21'),
	(10, 'seller', 'Vendedor', 'web', '2023-01-13 15:06:21', '2023-01-13 15:06:21'),
	(11, 'warehouse', 'Almacen', 'web', '2023-01-13 15:06:21', '2023-01-13 15:06:21'),
	(12, 'shipment', 'Despachos', 'web', '2023-01-13 15:06:21', '2023-01-13 15:06:21'),
	(13, 'myProfile', 'Perfil', 'web', '2023-01-13 15:06:21', '2023-01-13 15:06:21'),
	(14, 'inventory', 'Inventario', 'web', '2023-01-13 15:06:21', '2023-01-13 15:06:21'),
	(15, 'accounting', 'Contabilidad', 'web', '2023-01-13 15:06:21', '2023-01-13 15:06:21'),
	(16, 'purchases', 'Compras', 'web', '2023-01-13 15:06:21', '2023-01-13 15:06:21'),
	(17, 'payroll', 'Nomina', 'web', '2023-01-13 15:06:21', '2023-01-13 15:06:21'),
	(18, 'setting', 'Ajustes', 'web', '2023-01-13 15:06:21', '2023-01-13 15:06:21');

-- Volcando estructura para tabla spc.personal_access_tokens
CREATE TABLE IF NOT EXISTS `personal_access_tokens` (
  `id` bigint unsigned NOT NULL AUTO_INCREMENT,
  `tokenable_type` varchar(255) COLLATE utf8mb4_unicode_ci NOT NULL,
  `tokenable_id` bigint unsigned NOT NULL,
  `name` varchar(255) COLLATE utf8mb4_unicode_ci NOT NULL,
  `token` varchar(64) COLLATE utf8mb4_unicode_ci NOT NULL,
  `abilities` text COLLATE utf8mb4_unicode_ci,
  `last_used_at` timestamp NULL DEFAULT NULL,
  `created_at` timestamp NULL DEFAULT NULL,
  `updated_at` timestamp NULL DEFAULT NULL,
  PRIMARY KEY (`id`),
  UNIQUE KEY `personal_access_tokens_token_unique` (`token`),
  KEY `personal_access_tokens_tokenable_type_tokenable_id_index` (`tokenable_type`,`tokenable_id`)
) ENGINE=InnoDB DEFAULT CHARSET=utf8mb4 COLLATE=utf8mb4_unicode_ci;

-- Volcando datos para la tabla spc.personal_access_tokens: ~0 rows (aproximadamente)

-- Volcando estructura para tabla spc.prices_types
CREATE TABLE IF NOT EXISTS `prices_types` (
  `id` bigint unsigned NOT NULL AUTO_INCREMENT,
  `name` varchar(255) COLLATE utf8mb4_unicode_ci NOT NULL,
  `created_at` timestamp NULL DEFAULT NULL,
  `updated_at` timestamp NULL DEFAULT NULL,
  PRIMARY KEY (`id`)
) ENGINE=InnoDB AUTO_INCREMENT=4 DEFAULT CHARSET=utf8mb4 COLLATE=utf8mb4_unicode_ci;

-- Volcando datos para la tabla spc.prices_types: ~3 rows (aproximadamente)
INSERT IGNORE INTO `prices_types` (`id`, `name`, `created_at`, `updated_at`) VALUES
	(1, 'general', '2023-01-13 15:06:29', '2023-01-13 15:06:29'),
	(2, 'bulk', '2023-01-13 15:06:29', '2023-01-13 15:06:29'),
	(3, 'internal', '2023-01-13 15:06:29', '2023-01-13 15:06:29');

-- Volcando estructura para tabla spc.products
CREATE TABLE IF NOT EXISTS `products` (
  `id` bigint unsigned NOT NULL AUTO_INCREMENT,
  `uuid` char(36) COLLATE utf8mb4_unicode_ci NOT NULL,
  `name` varchar(191) COLLATE utf8mb4_unicode_ci DEFAULT NULL,
  `second_name` varchar(191) COLLATE utf8mb4_unicode_ci DEFAULT NULL,
  `description` mediumtext COLLATE utf8mb4_unicode_ci,
  `sku` varchar(100) COLLATE utf8mb4_unicode_ci DEFAULT NULL,
  `optional_sku` json DEFAULT NULL,
  `sale_unit_price` decimal(12,2) DEFAULT NULL,
  `unit_prices` json DEFAULT NULL,
  `currency_type_id` varchar(50) COLLATE utf8mb4_unicode_ci NOT NULL,
  `stock` decimal(6,0) NOT NULL DEFAULT '0',
  `stock_min` decimal(6,0) NOT NULL DEFAULT '0',
  `discount_as_of` decimal(5,0) NOT NULL DEFAULT '0',
  `attributes` json DEFAULT NULL,
  `unit_id` bigint unsigned NOT NULL,
  `category_id` bigint unsigned NOT NULL,
  `brand_id` bigint unsigned NOT NULL,
  `created_at` timestamp NULL DEFAULT NULL,
  `updated_at` timestamp NULL DEFAULT NULL,
  `deleted_at` timestamp NULL DEFAULT NULL,
  PRIMARY KEY (`id`),
  KEY `products_unit_id_foreign` (`unit_id`),
  KEY `products_category_id_foreign` (`category_id`),
  KEY `products_brand_id_foreign` (`brand_id`),
  CONSTRAINT `products_brand_id_foreign` FOREIGN KEY (`brand_id`) REFERENCES `brands` (`id`),
  CONSTRAINT `products_category_id_foreign` FOREIGN KEY (`category_id`) REFERENCES `categories` (`id`),
  CONSTRAINT `products_unit_id_foreign` FOREIGN KEY (`unit_id`) REFERENCES `units` (`id`)
) ENGINE=InnoDB AUTO_INCREMENT=35 DEFAULT CHARSET=utf8mb4 COLLATE=utf8mb4_unicode_ci;

-- Volcando datos para la tabla spc.products: ~34 rows (aproximadamente)
INSERT IGNORE INTO `products` (`id`, `uuid`, `name`, `second_name`, `description`, `sku`, `optional_sku`, `sale_unit_price`, `unit_prices`, `currency_type_id`, `stock`, `stock_min`, `discount_as_of`, `attributes`, `unit_id`, `category_id`, `brand_id`, `created_at`, `updated_at`, `deleted_at`) VALUES
	(1, 'd7d9118a-9353-11ed-aa19-222b2004cae1', 'Parachoques frontal vitara 2005', 'Parachoques frontal vitara 2005', '', '12566', NULL, 150.00, '[{"name": "general", "price": 150}]', 'USD', 91, 50, 31, '[{"key": "Color", "type": "str", "value": "Gris"}, {"key": "Año", "type": "str", "value": "2005"}, {"key": "Modelo", "type": "str", "value": "suzuki vitara"}]', 9, 1, 5, '2023-01-13 15:06:23', '2023-02-10 19:42:51', NULL),
	(2, 'd7dc09e4-9353-11ed-abfa-222b2004cae1', 'Faros frontales cheyenne 2007', 'Faros frontales cheyenne 2007', '', '12567', NULL, 50.00, '[{"name": "general", "price": 50}]', 'USD', 245, 50, 16, '[{"key": "Color", "type": "str", "value": "Transparente"}, {"key": "Año", "type": "str", "value": "2007"}, {"key": "Modelo", "type": "str", "value": "chevrolet cheyenne"}]', 9, 1, 2, '2023-01-13 15:06:23', '2023-02-09 18:38:27', NULL),
	(3, 'd7de041a-9353-11ed-915d-222b2004cae1', 'bateria duncan 800watts', 'bateria duncan 800watts', '', '12568', NULL, 50.00, '[{"name": "general", "price": 50}]', 'USD', 229, 50, 19, '[{"key": "Modelo", "type": "str", "value": "btr-800w"}]', 9, 3, 4, '2023-01-13 15:06:23', '2023-01-23 15:31:02', NULL),
	(4, 'd7e00b8e-9353-11ed-ace0-222b2004cae1', 'Caucho michellin 17"', 'Caucho michellin 17"', '', '12569', NULL, 33.00, '[{"name": "general", "price": 33}]', 'USD', 543, 50, 24, '[{"key": "Modelo", "type": "str", "value": "30/r17"}]', 9, 4, 6, '2023-01-13 15:06:23', '2023-01-25 15:04:34', NULL),
	(5, 'd7e3a1d6-9353-11ed-b70e-222b2004cae1', 'Rerum esse neque ab.', 'Iste illum perspiciatis at.', 'Quisquam sapiente quia saepe ut non ullam similique. Porro non sequi non inventore molestias. Vero esse nam sapiente dolorum.', '566', '["457567", "189621", "7285654"]', 221.90, '[{"name": "general", "price": 221.9}]', 'USD', 92, 88, 0, '[{"key": "Color", "type": "str", "value": "SteelBlue"}, {"key": "Año", "type": "str", "value": "1971"}, {"key": "Modelo", "type": "str", "value": "Molestiae minus architecto nisi."}]', 1, 1, 9, '2023-01-13 15:06:23', '2023-02-10 19:42:51', NULL),
	(6, 'd7e47a98-9353-11ed-94eb-222b2004cae1', 'Sunt laboriosam possimus.', 'Enim iste nesciunt.', 'Deleniti et eaque nesciunt aliquid eos ipsa. Quis veniam quam natus quasi quas. Quasi nulla laudantium harum qui ut vero. Et recusandae nam voluptate laborum in quisquam.', '793', '["411166", "195649", "5556162"]', 756.90, '[{"name": "general", "price": 756.9}]', 'USD', 102, 59, 0, '[{"key": "Color", "type": "str", "value": "LightGreen"}, {"key": "Año", "type": "str", "value": "1998"}, {"key": "Modelo", "type": "str", "value": "Et alias eveniet ipsum."}]', 7, 6, 10, '2023-01-13 15:06:23', '2023-02-10 19:46:14', NULL),
	(7, 'd7e54004-9353-11ed-93b5-222b2004cae1', 'Repudiandae et et.', 'Et qui est.', 'Inventore autem voluptatem deleniti similique quos quaerat. Delectus nostrum dignissimos qui ipsa sunt odit. Asperiores quas quo vel et illo vitae.', '002', '["332163", "163984", "6095210"]', 93.72, '[{"name": "general", "price": 93.72}]', 'USD', 96, 90, 0, '[{"key": "Color", "type": "str", "value": "Magenta"}, {"key": "Año", "type": "str", "value": "2012"}, {"key": "Modelo", "type": "str", "value": "Modi qui quasi qui aut."}]', 10, 2, 1, '2023-01-13 15:06:23', '2023-01-19 18:03:14', NULL),
	(8, 'd7e5f7e2-9353-11ed-943d-222b2004cae1', 'Placeat doloribus vel voluptatem dolore.', 'Blanditiis labore corporis quam nam.', 'Velit ex et ipsa repellendus voluptas accusantium rerum sapiente. Rerum ipsam architecto nisi tempora nobis quis iste. Sequi dolores unde magni aut voluptatem. Sunt nam distinctio aut sit.', '642', '["509372", "265229", "1321629"]', 832.13, '[{"name": "general", "price": 832.13}]', 'USD', 100, 96, 0, '[{"key": "Color", "type": "str", "value": "DarkSeaGreen"}, {"key": "Año", "type": "str", "value": "2022"}, {"key": "Modelo", "type": "str", "value": "Est iure aut sit."}]', 8, 6, 7, '2023-01-13 15:06:23', '2023-01-13 15:06:23', NULL),
	(9, 'd7e6c12c-9353-11ed-94d9-222b2004cae1', 'Facilis consectetur autem saepe.', 'Ratione nam pariatur et.', 'Cumque rerum nihil sit occaecati quae. Et eos saepe sed. Aliquid id fugit perferendis.', '928', '["632002", "306431", "4446572"]', 262.41, '[{"name": "general", "price": 262.41}]', 'USD', 100, 80, 0, '[{"key": "Color", "type": "str", "value": "Khaki"}, {"key": "Año", "type": "str", "value": "2003"}, {"key": "Modelo", "type": "str", "value": "Eaque debitis vel et."}]', 7, 5, 4, '2023-01-13 15:06:23', '2023-01-13 15:06:23', NULL),
	(10, 'd7e78b70-9353-11ed-9ed5-222b2004cae1', 'Reiciendis non amet.', 'Sapiente ipsa voluptatem veniam sapiente.', 'Fugiat laboriosam dolore aut distinctio accusamus. Sunt similique labore labore exercitationem ut harum. Et quibusdam quam aliquid illo laboriosam. Totam minus saepe quam doloremque vel vel perferendis nobis.', '239', '["182419", "467981", "5647475"]', 23.19, '[{"name": "general", "price": 23.19}]', 'USD', 102, 70, 0, '[{"key": "Color", "type": "str", "value": "Salmon"}, {"key": "Año", "type": "str", "value": "2002"}, {"key": "Modelo", "type": "str", "value": "Repellat id odio nisi et."}]', 5, 1, 3, '2023-01-13 15:06:23', '2023-02-10 19:42:51', NULL),
	(11, 'd7e853de-9353-11ed-9ef5-222b2004cae1', 'Consequatur et velit veniam.', 'Sunt harum voluptatibus cum.', 'Perspiciatis est sed non consequatur provident ad quia. Maiores optio recusandae quo sint molestias. Ut aliquid eos at qui.', '010', '["396290", "911899", "0839286"]', 158.32, '[{"name": "general", "price": 158.32}]', 'USD', 80, 31, 0, '[{"key": "Color", "type": "str", "value": "MediumAquaMarine"}, {"key": "Año", "type": "str", "value": "1995"}, {"key": "Modelo", "type": "str", "value": "Consequatur impedit iure incidunt."}]', 7, 1, 1, '2023-01-13 15:06:23', '2023-01-23 14:37:12', NULL),
	(12, 'd7e92bec-9353-11ed-80bc-222b2004cae1', 'Ea quas at ipsum.', 'Distinctio incidunt autem aliquam sit.', 'Fuga consectetur odit ab non. Harum rem praesentium quia quia rerum. Eum non rerum error magni nostrum. Recusandae necessitatibus qui natus eaque fugiat asperiores delectus enim.', '302', '["332188", "300199", "7213070"]', 806.22, '[{"name": "general", "price": 806.22}]', 'USD', 100, 43, 0, '[{"key": "Color", "type": "str", "value": "Moccasin"}, {"key": "Año", "type": "str", "value": "1988"}, {"key": "Modelo", "type": "str", "value": "Perferendis cumque cumque id."}]', 8, 6, 3, '2023-01-13 15:06:23', '2023-01-13 15:06:23', NULL),
	(13, 'd7e9fa68-9353-11ed-8641-222b2004cae1', 'Et veritatis exercitationem.', 'Voluptas ad aperiam.', 'Quibusdam omnis saepe nam. Eos id voluptas consequatur quia rerum reprehenderit ratione non. Rerum aperiam odit explicabo dolor assumenda rerum consequatur. Et suscipit sed illum a.', '155', '["583120", "478619", "1202935"]', 993.49, '[{"name": "general", "price": 993.49}]', 'USD', 100, 16, 0, '[{"key": "Color", "type": "str", "value": "Thistle"}, {"key": "Año", "type": "str", "value": "1990"}, {"key": "Modelo", "type": "str", "value": "Alias ea rerum inventore nesciunt."}]', 6, 7, 5, '2023-01-13 15:06:23', '2023-01-13 15:06:23', NULL),
	(14, 'd7eab548-9353-11ed-85b5-222b2004cae1', 'Velit ut quisquam.', 'Ea delectus atque.', 'Sapiente illum sint id vitae. Eos fugit harum et numquam sit. In necessitatibus autem culpa doloremque.', '910', '["908180", "389738", "3555719"]', 98.06, '[{"name": "general", "price": 98.06}]', 'USD', 100, 45, 0, '[{"key": "Color", "type": "str", "value": "SlateGray"}, {"key": "Año", "type": "str", "value": "1978"}, {"key": "Modelo", "type": "str", "value": "Ea voluptatem a voluptatem voluptatum necessitatibus."}]', 3, 6, 7, '2023-01-13 15:06:23', '2023-01-13 15:06:23', NULL),
	(15, 'd7eb95bc-9353-11ed-a787-222b2004cae1', 'Qui voluptates impedit.', 'Nostrum fugit repellendus quia.', 'Numquam nemo maiores quos omnis. Velit atque ratione a rerum. Sed nulla optio numquam illo sit perferendis laborum. Ipsum non aspernatur similique ut.', '473', '["093919", "743235", "7780677"]', 326.04, '[{"name": "general", "price": 326.04}]', 'USD', 100, 18, 0, '[{"key": "Color", "type": "str", "value": "Darkorange"}, {"key": "Año", "type": "str", "value": "2004"}, {"key": "Modelo", "type": "str", "value": "Debitis esse veniam officiis ut repellat."}]', 10, 10, 4, '2023-01-13 15:06:23', '2023-01-13 15:06:23', NULL),
	(16, 'd7ec7608-9353-11ed-a1a4-222b2004cae1', 'Officia quasi id dolorem.', 'Sunt sed ipsa ad temporibus.', 'Suscipit rerum fugit et neque maxime id. Autem nihil tempora et quae incidunt voluptatem voluptatem. Fugiat harum rem sed quaerat laboriosam quos officia.', '720', '["420592", "224812", "0025948"]', 689.56, '[{"name": "general", "price": 689.56}]', 'USD', 100, 91, 0, '[{"key": "Color", "type": "str", "value": "RosyBrown"}, {"key": "Año", "type": "str", "value": "2022"}, {"key": "Modelo", "type": "str", "value": "Dignissimos tenetur voluptas."}]', 9, 3, 4, '2023-01-13 15:06:23', '2023-01-13 15:06:23', NULL),
	(17, 'd7ed1702-9353-11ed-8a16-222b2004cae1', 'Fuga voluptatem error excepturi.', 'Qui beatae molestiae quaerat nesciunt.', 'Esse ut suscipit architecto sunt cupiditate molestiae iusto. Quos nulla repudiandae aperiam quod repellat officia. Cumque magnam accusamus maiores natus.', '567', '["338642", "506355", "8076309"]', 729.76, '[{"name": "general", "price": 729.76}]', 'USD', 100, 51, 0, '[{"key": "Color", "type": "str", "value": "Darkorange"}, {"key": "Año", "type": "str", "value": "1993"}, {"key": "Modelo", "type": "str", "value": "Fugit iusto veniam id ut placeat."}]', 7, 3, 7, '2023-01-13 15:06:23', '2023-01-13 15:06:23', NULL),
	(18, 'd7edc56c-9353-11ed-8759-222b2004cae1', 'Et alias placeat beatae.', 'Similique rerum sint esse aliquam.', 'Officia dolores vitae labore veniam nam omnis. In impedit quod repellat et itaque. Iusto corporis quia vel repellendus provident.', '386', '["195163", "093894", "6574857"]', 424.61, '[{"name": "general", "price": 424.61}]', 'USD', 100, 10, 0, '[{"key": "Color", "type": "str", "value": "DimGrey"}, {"key": "Año", "type": "str", "value": "2018"}, {"key": "Modelo", "type": "str", "value": "Magnam est vel."}]', 10, 2, 6, '2023-01-13 15:06:23', '2023-01-13 15:06:23', NULL),
	(19, 'd7ee66c0-9353-11ed-95e9-222b2004cae1', 'Eum quasi earum.', 'Sunt minus sit in architecto.', 'Sed sed maxime mollitia et. Ipsam enim reprehenderit dolores. Tempora porro sunt rerum nobis est. Dolorem earum omnis vel temporibus consequuntur voluptatem.', '554', '["959224", "565748", "2888156"]', 860.65, '[{"name": "general", "price": 860.65}]', 'USD', 104, 60, 0, '[{"key": "Color", "type": "str", "value": "MediumSeaGreen"}, {"key": "Año", "type": "str", "value": "1977"}, {"key": "Modelo", "type": "str", "value": "Quae delectus ut."}]', 10, 10, 8, '2023-01-13 15:06:23', '2023-02-10 19:42:51', NULL),
	(20, 'd7ef0224-9353-11ed-a7b6-222b2004cae1', 'Voluptatem vel ut incidunt.', 'Et qui libero deleniti quasi.', 'Quis excepturi non magni et fugiat nemo. Exercitationem odit tenetur suscipit quia ut qui. Tempora sed vero expedita impedit. Impedit quia molestias tempora et rerum harum.', '818', '["999291", "654080", "1643381"]', 818.98, '[{"name": "general", "price": 818.98}]', 'USD', 100, 53, 0, '[{"key": "Color", "type": "str", "value": "Green"}, {"key": "Año", "type": "str", "value": "1993"}, {"key": "Modelo", "type": "str", "value": "Et repudiandae sit recusandae ut."}]', 9, 5, 1, '2023-01-13 15:06:23', '2023-01-13 15:06:23', NULL),
	(21, 'd7ef9ae0-9353-11ed-9538-222b2004cae1', 'Placeat dolore nulla tempore quia.', 'Dolores error enim debitis et.', 'Saepe nesciunt fuga aut animi dicta ea cumque. Corrupti harum quo vel quo non et velit. Eos id accusantium aliquid optio assumenda.', '164', '["075030", "326536", "0107515"]', 411.73, '[{"name": "general", "price": 411.73}]', 'USD', 100, 67, 0, '[{"key": "Color", "type": "str", "value": "Maroon"}, {"key": "Año", "type": "str", "value": "2018"}, {"key": "Modelo", "type": "str", "value": "Odio repudiandae non quasi in."}]', 3, 4, 1, '2023-01-13 15:06:23', '2023-01-13 15:06:23', NULL),
	(22, 'd7f03482-9353-11ed-a920-222b2004cae1', 'Aliquid et.', 'Velit molestias officiis et.', 'Fuga quia illo error amet facilis quidem. Quisquam ut ab fugit quasi. Consequatur unde porro consequatur est veniam rem officiis sunt. Ut nesciunt neque sunt commodi.', '174', '["797202", "765149", "5778913"]', 345.69, '[{"name": "general", "price": 345.69}]', 'USD', 100, 34, 0, '[{"key": "Color", "type": "str", "value": "Cyan"}, {"key": "Año", "type": "str", "value": "1978"}, {"key": "Modelo", "type": "str", "value": "Id velit suscipit error."}]', 8, 5, 8, '2023-01-13 15:06:23', '2023-01-13 15:06:23', NULL),
	(23, 'd7f0cb68-9353-11ed-ba1d-222b2004cae1', 'Placeat et dolorum.', 'Quo enim nemo odio.', 'Itaque aliquid eaque perferendis nihil. Aut id est expedita nostrum ratione earum. Laborum vel distinctio sed consequuntur. Delectus sint ut et praesentium nihil nisi.', '595', '["565415", "765057", "7256518"]', 830.13, '[{"name": "general", "price": 830.13}]', 'USD', 100, 15, 0, '[{"key": "Color", "type": "str", "value": "NavajoWhite"}, {"key": "Año", "type": "str", "value": "1998"}, {"key": "Modelo", "type": "str", "value": "Sunt facere maiores."}]', 9, 6, 6, '2023-01-13 15:06:23', '2023-01-13 15:06:23', NULL),
	(24, 'd7f16384-9353-11ed-9825-222b2004cae1', 'Et quod voluptatibus.', 'Dolores modi ut deleniti saepe voluptate.', 'Aut non saepe quos iste sapiente in voluptas. Facilis optio nulla impedit at ex vero et. Quos et ut ipsa voluptatum.', '726', '["697315", "045365", "8551555"]', 632.07, '[{"name": "general", "price": 632.07}]', 'USD', 100, 17, 0, '[{"key": "Color", "type": "str", "value": "LightSlateGray"}, {"key": "Año", "type": "str", "value": "1970"}, {"key": "Modelo", "type": "str", "value": "Voluptates quisquam est ducimus."}]', 5, 4, 3, '2023-01-13 15:06:23', '2023-01-13 15:06:23', NULL),
	(25, 'd7f1ff56-9353-11ed-8cf1-222b2004cae1', 'Saepe maiores alias voluptatem.', 'Atque aut quod delectus enim.', 'Expedita impedit magnam quo sed laudantium qui magni nihil. Qui in omnis placeat excepturi. Itaque qui voluptatum sint.', '582', '["299673", "543510", "6729635"]', 167.94, '[{"name": "general", "price": 167.94}]', 'USD', 100, 59, 0, '[{"key": "Color", "type": "str", "value": "Indigo"}, {"key": "Año", "type": "str", "value": "2001"}, {"key": "Modelo", "type": "str", "value": "Suscipit omnis autem."}]', 3, 8, 2, '2023-01-13 15:06:23', '2023-01-13 15:06:23', NULL),
	(26, 'd7f28f5c-9353-11ed-b2f6-222b2004cae1', 'Sed ad animi.', 'Voluptas expedita at rem omnis.', 'Sunt id odio porro aperiam error pariatur magni. Quisquam non sed architecto modi enim quisquam. Ducimus inventore consequatur iure ipsum. Nam ut assumenda officiis asperiores dolor cupiditate.', '133', '["906428", "756708", "0315562"]', 857.15, '[{"name": "general", "price": 857.15}]', 'USD', 100, 65, 0, '[{"key": "Color", "type": "str", "value": "OliveDrab"}, {"key": "Año", "type": "str", "value": "2014"}, {"key": "Modelo", "type": "str", "value": "Consequatur qui ut."}]', 4, 3, 8, '2023-01-13 15:06:23', '2023-01-13 15:06:23', NULL),
	(27, 'd7f32eee-9353-11ed-a149-222b2004cae1', 'Ea dolores alias.', 'Quibusdam suscipit aut provident facere alias.', 'Sint necessitatibus asperiores mollitia quia vel unde. Dolores sunt eius dolore laboriosam. Voluptatum velit provident necessitatibus est reprehenderit ullam perferendis.', '357', '["862989", "702807", "8259569"]', 172.05, '[{"name": "general", "price": 172.05}]', 'USD', 100, 66, 0, '[{"key": "Color", "type": "str", "value": "Gold"}, {"key": "Año", "type": "str", "value": "1975"}, {"key": "Modelo", "type": "str", "value": "Temporibus nihil dicta."}]', 8, 8, 5, '2023-01-13 15:06:23', '2023-01-13 15:06:23', NULL),
	(28, 'd7f3b90e-9353-11ed-80f9-222b2004cae1', 'Sapiente vel tempora.', 'Illo eius voluptas ut similique voluptates.', 'Deserunt omnis voluptatem ad cumque tempora. Ut et deleniti quos mollitia rerum. Molestiae consequuntur sit adipisci ut. Mollitia et recusandae ipsum tempora dolor cum.', '155', '["068868", "644180", "3962642"]', 851.27, '[{"name": "general", "price": 851.27}]', 'USD', 102, 57, 0, '[{"key": "Color", "type": "str", "value": "Linen"}, {"key": "Año", "type": "str", "value": "1987"}, {"key": "Modelo", "type": "str", "value": "Soluta molestiae eum."}]', 8, 3, 10, '2023-01-13 15:06:23', '2023-02-10 19:46:14', NULL),
	(29, 'd7f43f64-9353-11ed-bfd4-222b2004cae1', 'Aut laudantium natus.', 'Doloribus recusandae qui.', 'Et molestiae aut expedita ea enim distinctio. Ut temporibus molestias reprehenderit hic consequuntur. Suscipit est molestiae at eaque.', '569', '["216191", "109984", "6282642"]', 323.88, '[{"name": "general", "price": 323.88}]', 'USD', 100, 49, 0, '[{"key": "Color", "type": "str", "value": "Coral"}, {"key": "Año", "type": "str", "value": "1972"}, {"key": "Modelo", "type": "str", "value": "Optio dolorem rerum est."}]', 10, 4, 4, '2023-01-13 15:06:23', '2023-01-13 15:06:23', NULL),
	(30, 'd7f4fb52-9353-11ed-ab54-222b2004cae1', 'Et fugiat voluptatum.', 'Et praesentium neque a illum quibusdam.', 'Vel at eos qui omnis. Doloribus pariatur in aliquid. Laboriosam ut est nobis neque in in. Qui quibusdam quis nam nihil odit.', '058', '["611822", "439036", "3403152"]', 784.02, '[{"name": "general", "price": 784.02}]', 'USD', 100, 1, 0, '[{"key": "Color", "type": "str", "value": "Cyan"}, {"key": "Año", "type": "str", "value": "1991"}, {"key": "Modelo", "type": "str", "value": "Dolorem eveniet aut et tenetur."}]', 1, 9, 5, '2023-01-13 15:06:23', '2023-01-13 15:06:23', NULL),
	(31, 'd7f59a9e-9353-11ed-b792-222b2004cae1', 'Nihil consequuntur id.', 'Et sint sint quod.', 'Voluptatem recusandae molestias neque dignissimos vel aut. Beatae magni non autem vero ut sit. Itaque in architecto neque quam commodi impedit. Dolorum quo delectus pariatur dolor.', '467', '["412765", "614219", "1344830"]', 630.44, '[{"name": "general", "price": 630.44}]', 'USD', 100, 28, 0, '[{"key": "Color", "type": "str", "value": "LimeGreen"}, {"key": "Año", "type": "str", "value": "2001"}, {"key": "Modelo", "type": "str", "value": "Autem et quibusdam eum nostrum."}]', 1, 5, 10, '2023-01-13 15:06:23', '2023-01-13 15:06:23', NULL),
	(32, 'd7f63e5e-9353-11ed-9cd6-222b2004cae1', 'Aspernatur quam eius dicta.', 'Nemo maiores voluptas rerum.', 'Labore numquam possimus in corporis. Ad odit repellendus nisi. Vel dolorum qui voluptatem consequatur voluptatum. Corporis adipisci quam quia.', '776', '["605182", "805927", "8084396"]', 815.60, '[{"name": "general", "price": 815.6}]', 'USD', 100, 72, 0, '[{"key": "Color", "type": "str", "value": "PowderBlue"}, {"key": "Año", "type": "str", "value": "1973"}, {"key": "Modelo", "type": "str", "value": "Et tempora porro sit praesentium architecto."}]', 3, 9, 2, '2023-01-13 15:06:23', '2023-01-13 15:06:23', NULL),
	(33, 'd7f6d5f8-9353-11ed-9ebf-222b2004cae1', 'Velit praesentium et.', 'Molestias dignissimos est.', 'Est reprehenderit necessitatibus sit illum porro consectetur. Est quisquam blanditiis commodi et eius. Itaque omnis consequatur rerum qui ipsum voluptatem harum. Ipsam deserunt fugiat at nulla. Molestiae necessitatibus voluptas assumenda sed et nisi.', '307', '["771667", "372962", "1048502"]', 788.42, '[{"name": "general", "price": 788.42}]', 'USD', 100, 33, 0, '[{"key": "Color", "type": "str", "value": "Ivory"}, {"key": "Año", "type": "str", "value": "2010"}, {"key": "Modelo", "type": "str", "value": "Quisquam rem sit aut."}]', 9, 1, 3, '2023-01-13 15:06:23', '2023-01-13 15:06:23', NULL),
	(34, 'd7f7aec4-9353-11ed-be61-222b2004cae1', 'Dolorem ratione nam.', 'Dicta consequatur et optio in qui.', 'Dolore laudantium eum soluta amet. Facilis numquam qui vel. Sequi iure qui repellendus nisi eos sequi praesentium. Quaerat dolor ad asperiores distinctio ducimus nesciunt hic et.', '325', '["616801", "247411", "5210837"]', 368.06, '[{"name": "general", "price": 368.06}]', 'USD', 100, 33, 0, '[{"key": "Color", "type": "str", "value": "PaleVioletRed"}, {"key": "Año", "type": "str", "value": "1975"}, {"key": "Modelo", "type": "str", "value": "Explicabo enim animi molestiae ipsa."}]', 7, 2, 4, '2023-01-13 15:06:23', '2023-01-13 15:06:23', NULL);

-- Volcando estructura para tabla spc.profiles
CREATE TABLE IF NOT EXISTS `profiles` (
  `id` bigint unsigned NOT NULL AUTO_INCREMENT,
  `options` json NOT NULL,
  `employee_id` bigint unsigned NOT NULL,
  `created_at` timestamp NULL DEFAULT NULL,
  `updated_at` timestamp NULL DEFAULT NULL,
  `deleted_at` timestamp NULL DEFAULT NULL,
  PRIMARY KEY (`id`),
  KEY `profiles_employee_id_foreign` (`employee_id`),
  CONSTRAINT `profiles_employee_id_foreign` FOREIGN KEY (`employee_id`) REFERENCES `employees` (`id`)
) ENGINE=InnoDB AUTO_INCREMENT=4 DEFAULT CHARSET=utf8mb4 COLLATE=utf8mb4_unicode_ci;

-- Volcando datos para la tabla spc.profiles: ~3 rows (aproximadamente)
INSERT IGNORE INTO `profiles` (`id`, `options`, `employee_id`, `created_at`, `updated_at`, `deleted_at`) VALUES
	(1, '{"bank": "Quod.", "account": "5579020863256200", "address": "Plaza Julia, 7, 77º D, 67737, San Juan", "birthday": "1999-10-08", "nationality": "Egipto", "identification": 100958634, "payment_method": "Visa", "last_academic_degree": "Nihil est."}', 3, '2023-01-13 15:06:22', '2023-01-13 15:06:22', NULL),
	(2, '{"bank": "Et.", "account": "4539008487821352", "address": "Avinguda Orellana, 780, 14º E, 31670, L\' Cepeda Medio", "birthday": "1991-06-06", "nationality": "Comoras", "identification": 390583535, "payment_method": "MasterCard", "last_academic_degree": "Suscipit."}', 3, '2023-01-13 15:06:22', '2023-01-13 15:06:22', NULL),
	(3, '{"bank": "Aut.", "account": "2616760159086256", "address": "Paseo Santillán, 487, 0º B, 78202, La Chávez", "birthday": "1990-01-29", "nationality": "Surinam", "identification": 594788027, "payment_method": "JCB", "last_academic_degree": "Sequi."}', 1, '2023-01-13 15:06:22', '2023-01-13 15:06:22', NULL);

-- Volcando estructura para tabla spc.profile_options
CREATE TABLE IF NOT EXISTS `profile_options` (
  `id` bigint unsigned NOT NULL AUTO_INCREMENT,
  `uuid` char(36) COLLATE utf8mb4_unicode_ci NOT NULL,
  `name` varchar(191) COLLATE utf8mb4_unicode_ci NOT NULL,
  `type` enum('str','list') COLLATE utf8mb4_unicode_ci DEFAULT 'str',
  `created_at` timestamp NULL DEFAULT NULL,
  `updated_at` timestamp NULL DEFAULT NULL,
  PRIMARY KEY (`id`)
) ENGINE=InnoDB AUTO_INCREMENT=7 DEFAULT CHARSET=utf8mb4 COLLATE=utf8mb4_unicode_ci;

-- Volcando datos para la tabla spc.profile_options: ~6 rows (aproximadamente)
INSERT IGNORE INTO `profile_options` (`id`, `uuid`, `name`, `type`, `created_at`, `updated_at`) VALUES
	(1, 'd82c4a9e-9353-11ed-ab62-222b2004cae1', 'Direccion', 'str', '2023-01-13 15:06:23', '2023-01-13 15:06:23'),
	(2, 'd82d108c-9353-11ed-a553-222b2004cae1', 'Descripcion', 'str', '2023-01-13 15:06:23', '2023-01-13 15:06:23'),
	(3, 'd82d8788-9353-11ed-adac-222b2004cae1', 'Numeros de contacto', 'list', '2023-01-13 15:06:23', '2023-01-13 15:06:23'),
	(4, 'd82dfdf8-9353-11ed-bab1-222b2004cae1', 'Cargo', 'str', '2023-01-13 15:06:23', '2023-01-13 15:06:23'),
	(5, 'd82e6d1a-9353-11ed-8a6b-222b2004cae1', 'Talla de franela', 'list', '2023-01-13 15:06:23', '2023-01-13 15:06:23'),
	(6, 'd82ed908-9353-11ed-a61e-222b2004cae1', 'Talla de Pantalon', 'str', '2023-01-13 15:06:23', '2023-01-13 15:06:23');

-- Volcando estructura para tabla spc.purchases
CREATE TABLE IF NOT EXISTS `purchases` (
  `id` bigint unsigned NOT NULL AUTO_INCREMENT,
  `uuid` char(36) COLLATE utf8mb4_unicode_ci NOT NULL,
  `state_type_id` char(2) COLLATE utf8mb4_unicode_ci NOT NULL,
  `document_type_id` char(8) COLLATE utf8mb4_unicode_ci NOT NULL,
  `currency_type_id` char(10) COLLATE utf8mb4_unicode_ci NOT NULL,
  `document_number` varchar(255) COLLATE utf8mb4_unicode_ci NOT NULL,
  `control_number` varchar(255) COLLATE utf8mb4_unicode_ci NOT NULL,
  `date_of_issue` date NOT NULL,
  `date_of_due` date NOT NULL,
  `supplier` json NOT NULL,
  `subtotal` decimal(12,2) NOT NULL,
  `total_exempt` decimal(12,2) NOT NULL DEFAULT '0.00',
  `taxable_income` decimal(12,2) NOT NULL DEFAULT '0.00',
  `tax_percentage` decimal(12,2) NOT NULL DEFAULT '0.00',
  `tax` decimal(12,2) NOT NULL DEFAULT '0.00',
  `total` decimal(12,2) NOT NULL,
  `total_usd` decimal(12,2) NOT NULL,
  `rate` decimal(12,2) NOT NULL,
  `supplier_id` bigint unsigned NOT NULL,
  `user_id` bigint unsigned NOT NULL,
  `language` enum('es','en') COLLATE utf8mb4_unicode_ci NOT NULL DEFAULT 'es',
  `created_at` timestamp NULL DEFAULT NULL,
  `updated_at` timestamp NULL DEFAULT NULL,
  `deleted_at` timestamp NULL DEFAULT NULL,
  PRIMARY KEY (`id`),
  KEY `purchases_supplier_id_foreign` (`supplier_id`),
  KEY `purchases_user_id_foreign` (`user_id`),
  KEY `purchases_state_type_id_foreign` (`state_type_id`),
  KEY `purchases_document_type_id_foreign` (`document_type_id`),
  KEY `purchases_currency_type_id_foreign` (`currency_type_id`),
  CONSTRAINT `purchases_currency_type_id_foreign` FOREIGN KEY (`currency_type_id`) REFERENCES `currencies` (`id`),
  CONSTRAINT `purchases_document_type_id_foreign` FOREIGN KEY (`document_type_id`) REFERENCES `document_types` (`id`),
  CONSTRAINT `purchases_state_type_id_foreign` FOREIGN KEY (`state_type_id`) REFERENCES `state_types` (`id`),
  CONSTRAINT `purchases_supplier_id_foreign` FOREIGN KEY (`supplier_id`) REFERENCES `people` (`id`),
  CONSTRAINT `purchases_user_id_foreign` FOREIGN KEY (`user_id`) REFERENCES `users` (`id`)
) ENGINE=InnoDB AUTO_INCREMENT=5 DEFAULT CHARSET=utf8mb4 COLLATE=utf8mb4_unicode_ci;

-- Volcando datos para la tabla spc.purchases: ~2 rows (aproximadamente)
INSERT IGNORE INTO `purchases` (`id`, `uuid`, `state_type_id`, `document_type_id`, `currency_type_id`, `document_number`, `control_number`, `date_of_issue`, `date_of_due`, `supplier`, `subtotal`, `total_exempt`, `taxable_income`, `tax_percentage`, `tax`, `total`, `total_usd`, `rate`, `supplier_id`, `user_id`, `language`, `created_at`, `updated_at`, `deleted_at`) VALUES
	(3, '1ad98770-a97b-11ed-a9b4-222b2004cae1', '04', '01', 'VEF', '000124', '000047858-96', '2023-02-10', '2023-02-11', '{"code": "00031", "type": "supplier", "uuid": "db8d4274-9353-11ed-bae2-222b2004cae1", "email": "bruno34@example.net", "phone": "+543567781880", "credit": null, "number": "34770160", "status": true, "address": "Camino Flores, 27, 62º 9º, 15900, Vall Trujillo del Mirador", "contact": {"name": "Aleix Briseño", "email": "zapata.jaime@example.com", "phone": "+5928525105"}, "discounts": [], "created_at": "13-01-2023, 11:06 am", "deleted_at": null, "peopleable": null, "trade_name": "Devolved systematic database", "updated_at": "13-01-2023, 11:06 am", "assigned_price": "general", "credit_enabled": false, "identification": {"id": 1, "name": "Cedula de identidad (V)", "status": 1, "symbol": "V-", "created_at": "2023-01-13T15:06:28.000000Z", "updated_at": "2023-01-13T15:06:28.000000Z"}, "max_credit_time": null, "peoples_types_id": 1, "retention_percent": null, "is_special_taxpayer": false, "identity_document_type_id": 4}', 94115.47, 78711.17, 15404.30, 16.00, 2464.68, 96580.15, 4173.73, 23.14, 35, 1, 'en', '2023-02-10 19:42:51', '2023-02-10 19:42:51', NULL),
	(4, '9389d6a2-a97b-11ed-ae1e-222b2004cae1', '04', '01', 'VEF', '00014', '00014-20', '2023-02-10', '2023-02-15', '{"code": "00031", "type": "supplier", "uuid": "db8ce824-9353-11ed-8899-222b2004cae1", "email": "yolanda92@example.net", "phone": "+23566731536", "credit": null, "number": "81456307", "status": true, "address": "Camino Gonzalo, 33, 55º F, 20598, Sedillo del Penedès", "contact": {"name": "Omar Zamudio", "email": "zcasanova@example.org", "phone": "+221076310065"}, "discounts": [], "created_at": "13-01-2023, 11:06 am", "deleted_at": null, "peopleable": null, "trade_name": "Robust leadingedge database", "updated_at": "13-01-2023, 11:06 am", "assigned_price": "general", "credit_enabled": false, "identification": {"id": 2, "name": "Cedula de identidad (E)", "status": 1, "symbol": "E-", "created_at": "2023-01-13T15:06:28.000000Z", "updated_at": "2023-01-13T15:06:28.000000Z"}, "max_credit_time": null, "peoples_types_id": 2, "retention_percent": null, "is_special_taxpayer": false, "identity_document_type_id": 3}', 56911.45, 17514.67, 39396.78, 16.00, 6303.48, 60369.36, 2608.87, 23.14, 34, 1, 'es', '2023-02-10 19:46:13', '2023-02-10 19:46:13', NULL);

-- Volcando estructura para tabla spc.purchase_items
CREATE TABLE IF NOT EXISTS `purchase_items` (
  `id` bigint unsigned NOT NULL AUTO_INCREMENT,
  `item` json NOT NULL,
  `qty` int NOT NULL,
  `currency_type_id` char(10) COLLATE utf8mb4_unicode_ci NOT NULL,
  `unit_price_usd` decimal(12,2) NOT NULL,
  `unit_price` decimal(12,2) NOT NULL,
  `total` decimal(12,2) NOT NULL,
  `is_exempt` tinyint(1) NOT NULL DEFAULT '0',
  `purchase_id` bigint unsigned NOT NULL,
  `item_id` bigint unsigned NOT NULL,
  `created_at` timestamp NULL DEFAULT NULL,
  `updated_at` timestamp NULL DEFAULT NULL,
  `deleted_at` timestamp NULL DEFAULT NULL,
  PRIMARY KEY (`id`),
  KEY `purchase_items_purchase_id_foreign` (`purchase_id`),
  KEY `purchase_items_item_id_foreign` (`item_id`),
  KEY `purchase_items_currency_type_id_foreign` (`currency_type_id`),
  CONSTRAINT `purchase_items_currency_type_id_foreign` FOREIGN KEY (`currency_type_id`) REFERENCES `currencies` (`id`),
  CONSTRAINT `purchase_items_item_id_foreign` FOREIGN KEY (`item_id`) REFERENCES `products` (`id`),
  CONSTRAINT `purchase_items_purchase_id_foreign` FOREIGN KEY (`purchase_id`) REFERENCES `purchases` (`id`) ON DELETE CASCADE
) ENGINE=InnoDB AUTO_INCREMENT=7 DEFAULT CHARSET=utf8mb4 COLLATE=utf8mb4_unicode_ci;

-- Volcando datos para la tabla spc.purchase_items: ~6 rows (aproximadamente)
INSERT IGNORE INTO `purchase_items` (`id`, `item`, `qty`, `currency_type_id`, `unit_price_usd`, `unit_price`, `total`, `is_exempt`, `purchase_id`, `item_id`, `created_at`, `updated_at`, `deleted_at`) VALUES
	(1, '{"sku": "566", "name": "Rerum esse neque ab.", "unit": "Caja", "uuid": "d7e3a1d6-9353-11ed-b70e-222b2004cae1", "brand": {"name": "sint", "uuid": "d7cccdf8-9353-11ed-b16e-222b2004cae1"}, "files": "https://picsum.photos/id/255/1500/900", "stock": 86, "category": {"name": "Sin categoria", "uuid": "d7c44d90-9353-11ed-a9c5-222b2004cae1"}, "discount": null, "full_name": "566 - Rerum esse neque ab.", "stock_min": 88, "description": "Quisquam sapiente quia saepe ut non ullam similique. Porro non sequi non inventore molestias. Vero esse nam sapiente dolorum.", "second_name": "Iste illum perspiciatis at.", "discount_as_of": 0, "sale_unit_price": 221.9, "currency_type_id": "USD"}', 3, 'VEF', 221.90, 5134.77, 15404.30, 0, 3, 5, '2023-02-10 19:42:51', '2023-02-10 19:42:51', NULL),
	(2, '{"sku": "239", "name": "Reiciendis non amet. (E)", "unit": "Litros", "uuid": "d7e78b70-9353-11ed-9ed5-222b2004cae1", "brand": {"name": "Chevrolet", "uuid": "d7cac7e2-9353-11ed-a551-222b2004cae1"}, "files": "https://picsum.photos/id/158/1500/900", "stock": 96, "category": {"name": "Sin categoria", "uuid": "d7c44d90-9353-11ed-a9c5-222b2004cae1"}, "discount": null, "full_name": "239 - Reiciendis non amet.", "stock_min": 70, "description": "Fugiat laboriosam dolore aut distinctio accusamus. Sunt similique labore labore exercitationem ut harum. Et quibusdam quam aliquid illo laboriosam. Totam minus saepe quam doloremque vel vel perferendis nobis.", "second_name": "Sapiente ipsa voluptatem veniam sapiente.", "discount_as_of": 0, "sale_unit_price": 23.19, "currency_type_id": "USD"}', 3, 'VEF', 23.19, 536.62, 1609.85, 1, 3, 10, '2023-02-10 19:42:51', '2023-02-10 19:42:51', NULL),
	(3, '{"sku": "12566", "name": "Parachoques frontal vitara 2005 (E)", "unit": "Unidades", "uuid": "d7d9118a-9353-11ed-aa19-222b2004cae1", "brand": {"name": "Duncan", "uuid": "d7cb4d70-9353-11ed-a470-222b2004cae1"}, "files": "http://spc.test/storage/products/1924.jpg", "stock": 81, "category": {"name": "Sin categoria", "uuid": "d7c44d90-9353-11ed-a9c5-222b2004cae1"}, "discount": {"value": null, "percentage": 8, "description": "Descuento por volumen"}, "full_name": "12566 - Parachoques frontal vitara 2005", "stock_min": 50, "description": null, "second_name": "Parachoques frontal vitara 2005", "discount_as_of": 31, "sale_unit_price": 150, "currency_type_id": "USD"}', 5, 'VEF', 150.00, 3471.00, 17355.00, 1, 3, 1, '2023-02-10 19:42:51', '2023-02-10 19:42:51', NULL),
	(4, '{"sku": "554", "name": "Eum quasi earum. (E)", "unit": "Yardas", "uuid": "d7ee66c0-9353-11ed-95e9-222b2004cae1", "brand": {"name": "dignissimos", "uuid": "d7cc73da-9353-11ed-a7ee-222b2004cae1"}, "files": "https://picsum.photos/id/552/1500/900", "stock": 98, "category": {"name": "est", "uuid": "d7c7b318-9353-11ed-856e-222b2004cae1"}, "discount": null, "full_name": "554 - Eum quasi earum.", "stock_min": 60, "description": "Sed sed maxime mollitia et. Ipsam enim reprehenderit dolores. Tempora porro sunt rerum nobis est. Dolorem earum omnis vel temporibus consequuntur voluptatem.", "second_name": "Sunt minus sit in architecto.", "discount_as_of": 0, "sale_unit_price": 860.65, "currency_type_id": "USD"}', 3, 'VEF', 860.65, 19915.44, 59746.32, 1, 3, 19, '2023-02-10 19:42:51', '2023-02-10 19:42:51', NULL),
	(5, '{"sku": "155", "name": "Sapiente vel tempora.", "unit": "Pulgadas", "uuid": "d7f3b90e-9353-11ed-80f9-222b2004cae1", "brand": {"name": "quia", "uuid": "d7cd1600-9353-11ed-9c2b-222b2004cae1"}, "files": "https://picsum.photos/id/768/1500/900", "stock": 98, "category": {"name": "Mecanica", "uuid": "d7c53660-9353-11ed-b7b5-222b2004cae1"}, "discount": null, "full_name": "155 - Sapiente vel tempora.", "stock_min": 57, "description": "Deserunt omnis voluptatem ad cumque tempora. Ut et deleniti quos mollitia rerum. Molestiae consequuntur sit adipisci ut. Mollitia et recusandae ipsum tempora dolor cum.", "second_name": "Illo eius voluptas ut similique voluptates.", "discount_as_of": 0, "sale_unit_price": 851.27, "currency_type_id": "USD"}', 2, 'VEF', 851.27, 19698.39, 39396.78, 0, 4, 28, '2023-02-10 19:46:14', '2023-02-10 19:46:14', NULL),
	(6, '{"sku": "793", "name": "Sunt laboriosam possimus. (E)", "unit": "Pies", "uuid": "d7e47a98-9353-11ed-94eb-222b2004cae1", "brand": {"name": "quia", "uuid": "d7cd1600-9353-11ed-9c2b-222b2004cae1"}, "files": "https://picsum.photos/id/905/1500/900", "stock": 100, "category": {"name": "quae", "uuid": "d7c66030-9353-11ed-9d3f-222b2004cae1"}, "discount": null, "full_name": "793 - Sunt laboriosam possimus.", "stock_min": 59, "description": "Deleniti et eaque nesciunt aliquid eos ipsa. Quis veniam quam natus quasi quas. Quasi nulla laudantium harum qui ut vero. Et recusandae nam voluptate laborum in quisquam.", "second_name": "Enim iste nesciunt.", "discount_as_of": 0, "sale_unit_price": 756.9, "currency_type_id": "USD"}', 1, 'VEF', 756.90, 17514.67, 17514.67, 1, 4, 6, '2023-02-10 19:46:14', '2023-02-10 19:46:14', NULL);

-- Volcando estructura para tabla spc.purchase_orders
CREATE TABLE IF NOT EXISTS `purchase_orders` (
  `id` bigint unsigned NOT NULL AUTO_INCREMENT,
  `uuid` char(36) COLLATE utf8mb4_unicode_ci NOT NULL,
  `currency_type_id` char(10) COLLATE utf8mb4_unicode_ci NOT NULL,
  `prefiX` char(4) COLLATE utf8mb4_unicode_ci NOT NULL DEFAULT 'OC-',
  `document_number` varchar(255) COLLATE utf8mb4_unicode_ci NOT NULL,
  `date_of_issue` date NOT NULL,
  `date_of_due` date NOT NULL,
  `supplier` json NOT NULL,
  `items` json NOT NULL,
  `total` decimal(12,2) NOT NULL,
  `total_usd` decimal(12,2) NOT NULL,
  `rate` decimal(12,2) NOT NULL,
  `user_id` bigint unsigned NOT NULL,
  `language` enum('es','en') COLLATE utf8mb4_unicode_ci NOT NULL DEFAULT 'es',
  `created_at` timestamp NULL DEFAULT NULL,
  `updated_at` timestamp NULL DEFAULT NULL,
  `deleted_at` timestamp NULL DEFAULT NULL,
  PRIMARY KEY (`id`),
  KEY `purchase_orders_user_id_foreign` (`user_id`),
  KEY `purchase_orders_currency_type_id_foreign` (`currency_type_id`),
  CONSTRAINT `purchase_orders_currency_type_id_foreign` FOREIGN KEY (`currency_type_id`) REFERENCES `currencies` (`id`),
  CONSTRAINT `purchase_orders_user_id_foreign` FOREIGN KEY (`user_id`) REFERENCES `users` (`id`)
) ENGINE=InnoDB DEFAULT CHARSET=utf8mb4 COLLATE=utf8mb4_unicode_ci;

-- Volcando datos para la tabla spc.purchase_orders: ~0 rows (aproximadamente)

-- Volcando estructura para tabla spc.purchase_taxes
CREATE TABLE IF NOT EXISTS `purchase_taxes` (
  `id` bigint unsigned NOT NULL AUTO_INCREMENT,
  `taxe_id` char(4) COLLATE utf8mb4_unicode_ci NOT NULL,
  `percentage` decimal(5,2) NOT NULL,
  `value` decimal(12,2) NOT NULL,
  `purchase_id` bigint unsigned NOT NULL,
  `created_at` timestamp NULL DEFAULT NULL,
  `updated_at` timestamp NULL DEFAULT NULL,
  PRIMARY KEY (`id`),
  KEY `purchase_taxes_purchase_id_foreign` (`purchase_id`),
  KEY `purchase_taxes_taxe_id_foreign` (`taxe_id`),
  CONSTRAINT `purchase_taxes_purchase_id_foreign` FOREIGN KEY (`purchase_id`) REFERENCES `purchases` (`id`) ON DELETE CASCADE,
  CONSTRAINT `purchase_taxes_taxe_id_foreign` FOREIGN KEY (`taxe_id`) REFERENCES `taxes` (`id`)
) ENGINE=InnoDB AUTO_INCREMENT=3 DEFAULT CHARSET=utf8mb4 COLLATE=utf8mb4_unicode_ci;

-- Volcando datos para la tabla spc.purchase_taxes: ~2 rows (aproximadamente)
INSERT IGNORE INTO `purchase_taxes` (`id`, `taxe_id`, `percentage`, `value`, `purchase_id`, `created_at`, `updated_at`) VALUES
	(1, '01', 16.00, 2464.68, 3, '2023-02-10 19:42:51', '2023-02-10 19:42:51'),
	(2, '01', 16.00, 6303.48, 4, '2023-02-10 19:46:13', '2023-02-10 19:46:13');

-- Volcando estructura para tabla spc.retentions
CREATE TABLE IF NOT EXISTS `retentions` (
  `id` bigint unsigned NOT NULL AUTO_INCREMENT,
  `rentention_type` bigint unsigned NOT NULL,
  `purchase` json DEFAULT NULL,
  `base_retention` decimal(12,2) NOT NULL DEFAULT '0.00',
  `amount_retained` decimal(12,2) NOT NULL DEFAULT '0.00',
  `retentionable_type` varchar(255) COLLATE utf8mb4_unicode_ci NOT NULL,
  `retentionable_id` bigint unsigned NOT NULL,
  `created_at` timestamp NULL DEFAULT NULL,
  `updated_at` timestamp NULL DEFAULT NULL,
  PRIMARY KEY (`id`),
  KEY `retentions_rentention_type_foreign` (`rentention_type`),
  KEY `retentions_retentionable_type_retentionable_id_index` (`retentionable_type`,`retentionable_id`),
  CONSTRAINT `retentions_rentention_type_foreign` FOREIGN KEY (`rentention_type`) REFERENCES `table_retentions` (`id`)
) ENGINE=InnoDB AUTO_INCREMENT=2 DEFAULT CHARSET=utf8mb4 COLLATE=utf8mb4_unicode_ci;

-- Volcando datos para la tabla spc.retentions: ~1 rows (aproximadamente)
INSERT IGNORE INTO `retentions` (`id`, `rentention_type`, `purchase`, `base_retention`, `amount_retained`, `retentionable_type`, `retentionable_id`, `created_at`, `updated_at`) VALUES
	(1, 12, '{"base": 56911.45, "supplier_id": "E-81456307", "supplier_code": "00031", "supplier_name": "Robust leadingedge database", "document_number": "00014"}', 56911.45, 2845.57, 'App\\Models\\Purchases', 4, '2023-02-10 19:46:14', '2023-02-10 19:46:14');

-- Volcando estructura para tabla spc.returned_products
CREATE TABLE IF NOT EXISTS `returned_products` (
  `id` bigint unsigned NOT NULL AUTO_INCREMENT,
  `item` json NOT NULL,
  `history` json NOT NULL,
  `qty` decimal(12,0) NOT NULL DEFAULT '0',
  `item_id` bigint unsigned NOT NULL,
  `created_at` timestamp NULL DEFAULT NULL,
  `updated_at` timestamp NULL DEFAULT NULL,
  `deleted_at` timestamp NULL DEFAULT NULL,
  PRIMARY KEY (`id`),
  KEY `returned_products_item_id_foreign` (`item_id`),
  CONSTRAINT `returned_products_item_id_foreign` FOREIGN KEY (`item_id`) REFERENCES `products` (`id`)
) ENGINE=InnoDB DEFAULT CHARSET=utf8mb4 COLLATE=utf8mb4_unicode_ci;

-- Volcando datos para la tabla spc.returned_products: ~0 rows (aproximadamente)

-- Volcando estructura para tabla spc.roles
CREATE TABLE IF NOT EXISTS `roles` (
  `id` bigint unsigned NOT NULL AUTO_INCREMENT,
  `name` varchar(255) COLLATE utf8mb4_unicode_ci NOT NULL,
  `redirectTo` varchar(191) COLLATE utf8mb4_unicode_ci DEFAULT NULL,
  `guard_name` varchar(255) COLLATE utf8mb4_unicode_ci NOT NULL,
  `created_at` timestamp NULL DEFAULT NULL,
  `updated_at` timestamp NULL DEFAULT NULL,
  PRIMARY KEY (`id`),
  UNIQUE KEY `roles_name_guard_name_unique` (`name`,`guard_name`)
) ENGINE=InnoDB AUTO_INCREMENT=5 DEFAULT CHARSET=utf8mb4 COLLATE=utf8mb4_unicode_ci;

-- Volcando datos para la tabla spc.roles: ~4 rows (aproximadamente)
INSERT IGNORE INTO `roles` (`id`, `name`, `redirectTo`, `guard_name`, `created_at`, `updated_at`) VALUES
	(1, 'Admin', '/dashboard', 'web', '2023-01-13 15:06:21', '2023-01-13 15:06:21'),
	(2, 'Seller', '/sales/myOrders', 'web', '2023-01-13 15:06:21', '2023-01-13 15:06:21'),
	(3, 'Dispatcher', '/dashboard', 'web', '2023-01-13 15:06:21', '2023-01-13 15:06:21'),
	(4, 'Employed', '/dashboard', 'web', '2023-01-13 15:06:21', '2023-01-13 15:06:21');

-- Volcando estructura para tabla spc.role_has_permissions
CREATE TABLE IF NOT EXISTS `role_has_permissions` (
  `permission_id` bigint unsigned NOT NULL,
  `role_id` bigint unsigned NOT NULL,
  PRIMARY KEY (`permission_id`,`role_id`),
  KEY `role_has_permissions_role_id_foreign` (`role_id`),
  CONSTRAINT `role_has_permissions_permission_id_foreign` FOREIGN KEY (`permission_id`) REFERENCES `permissions` (`id`) ON DELETE CASCADE,
  CONSTRAINT `role_has_permissions_role_id_foreign` FOREIGN KEY (`role_id`) REFERENCES `roles` (`id`) ON DELETE CASCADE
) ENGINE=InnoDB DEFAULT CHARSET=utf8mb4 COLLATE=utf8mb4_unicode_ci;

-- Volcando datos para la tabla spc.role_has_permissions: ~22 rows (aproximadamente)
INSERT IGNORE INTO `role_has_permissions` (`permission_id`, `role_id`) VALUES
	(1, 1),
	(2, 1),
	(3, 1),
	(4, 1),
	(5, 1),
	(6, 1),
	(7, 1),
	(8, 1),
	(9, 1),
	(11, 1),
	(12, 1),
	(13, 1),
	(14, 1),
	(15, 1),
	(16, 1),
	(17, 1),
	(18, 1),
	(7, 2),
	(10, 2),
	(11, 3),
	(12, 3),
	(13, 4);

-- Volcando estructura para tabla spc.schema_commisions
CREATE TABLE IF NOT EXISTS `schema_commisions` (
  `id` bigint unsigned NOT NULL AUTO_INCREMENT,
  `name` varchar(255) COLLATE utf8mb4_unicode_ci NOT NULL,
  `description` mediumtext COLLATE utf8mb4_unicode_ci,
  `base_percentage` decimal(12,2) DEFAULT '0.00',
  `expiration_time` int unsigned NOT NULL DEFAULT '0',
  `type` varchar(255) COLLATE utf8mb4_unicode_ci NOT NULL DEFAULT 'cat',
  `created_at` timestamp NULL DEFAULT NULL,
  `updated_at` timestamp NULL DEFAULT NULL,
  PRIMARY KEY (`id`)
) ENGINE=InnoDB AUTO_INCREMENT=4 DEFAULT CHARSET=utf8mb4 COLLATE=utf8mb4_unicode_ci;

-- Volcando datos para la tabla spc.schema_commisions: ~3 rows (aproximadamente)
INSERT IGNORE INTO `schema_commisions` (`id`, `name`, `description`, `base_percentage`, `expiration_time`, `type`, `created_at`, `updated_at`) VALUES
	(1, '6% base + bonicificacion por categoria', 'Comisión 6% de base mas bonificación por volumen de ventas en categorías seleccionadas', 6.00, 28, 'cat', '2023-01-27 15:45:03', '2023-01-31 19:15:31'),
	(2, '8% base + bonicificacion fija de acuerdo a la zona', 'Comisión 8% de base mas bonificaciones fija dependiendo del color de la zona', 8.00, 28, 'fixed', '2023-01-27 15:45:03', '2023-01-30 18:46:39'),
	(3, '5% base + bonicificacion porcentual de acuerdo a la zona', 'Comision 5% de base mas bonificaciones porcentual dependiendo del color de la zona', 5.00, 28, 'percentage', '2023-01-27 15:45:03', '2023-01-27 15:45:03');

-- Volcando estructura para tabla spc.sellers
CREATE TABLE IF NOT EXISTS `sellers` (
  `id` bigint unsigned NOT NULL AUTO_INCREMENT,
  `uuid` char(36) COLLATE utf8mb4_unicode_ci NOT NULL,
  `code` varchar(191) COLLATE utf8mb4_unicode_ci DEFAULT NULL,
  `user_id` bigint unsigned NOT NULL,
  `zone_id` bigint unsigned NOT NULL,
  `created_at` timestamp NULL DEFAULT NULL,
  `updated_at` timestamp NULL DEFAULT NULL,
  `deleted_at` timestamp NULL DEFAULT NULL,
  PRIMARY KEY (`id`),
  KEY `sellers_user_id_foreign` (`user_id`),
  KEY `sellers_zone_id_foreign` (`zone_id`),
  CONSTRAINT `sellers_user_id_foreign` FOREIGN KEY (`user_id`) REFERENCES `users` (`id`),
  CONSTRAINT `sellers_zone_id_foreign` FOREIGN KEY (`zone_id`) REFERENCES `zones` (`id`)
) ENGINE=InnoDB AUTO_INCREMENT=3 DEFAULT CHARSET=utf8mb4 COLLATE=utf8mb4_unicode_ci;

-- Volcando datos para la tabla spc.sellers: ~2 rows (aproximadamente)
INSERT IGNORE INTO `sellers` (`id`, `uuid`, `code`, `user_id`, `zone_id`, `created_at`, `updated_at`, `deleted_at`) VALUES
	(1, 'db863060-9353-11ed-8b48-222b2004cae1', '00001', 2, 1, '2023-01-13 15:06:29', '2023-01-13 15:06:29', NULL),
	(2, 'f3d481f0-9b2b-11ed-be53-222b2004cae1', '00002', 3, 2, '2023-01-23 14:40:59', '2023-01-23 14:40:59', NULL);

-- Volcando estructura para tabla spc.settings
CREATE TABLE IF NOT EXISTS `settings` (
  `id` bigint unsigned NOT NULL AUTO_INCREMENT,
  `type` enum('str','int','list') COLLATE utf8mb4_unicode_ci NOT NULL DEFAULT 'str',
  `name` varchar(191) COLLATE utf8mb4_unicode_ci NOT NULL,
  `value` varchar(999) COLLATE utf8mb4_unicode_ci NOT NULL,
  `created_at` timestamp NULL DEFAULT NULL,
  `updated_at` timestamp NULL DEFAULT NULL,
  PRIMARY KEY (`id`),
  UNIQUE KEY `settings_name_unique` (`name`)
) ENGINE=InnoDB AUTO_INCREMENT=6 DEFAULT CHARSET=utf8mb4 COLLATE=utf8mb4_unicode_ci;

-- Volcando datos para la tabla spc.settings: ~5 rows (aproximadamente)
INSERT IGNORE INTO `settings` (`id`, `type`, `name`, `value`, `created_at`, `updated_at`) VALUES
	(1, 'int', 'Rate', '23.14', '2023-01-13 15:06:21', '2023-01-13 15:06:21'),
	(2, 'int', 'comission', '5', '2023-01-13 15:06:21', '2023-01-26 14:42:04'),
	(3, 'str', 'printer_ticket_name', 'Ticket almacen', '2023-01-13 15:06:21', '2023-01-13 15:06:21'),
	(4, 'int', 'time_early_pay', '2', '2023-01-13 15:06:21', '2023-01-16 14:54:22'),
	(5, 'int', 'base_percentage_commissions', '5', '2023-01-26 14:25:57', '2023-01-26 14:25:57');

-- Volcando estructura para tabla spc.shipments
CREATE TABLE IF NOT EXISTS `shipments` (
  `id` bigint unsigned NOT NULL AUTO_INCREMENT,
  `uuid` char(36) COLLATE utf8mb4_unicode_ci NOT NULL,
  `delivery_address` varchar(191) COLLATE utf8mb4_unicode_ci DEFAULT NULL,
  `packages` decimal(20,0) unsigned NOT NULL DEFAULT '1',
  `checked_at` timestamp NULL DEFAULT NULL,
  `order` json DEFAULT NULL,
  `unit_id` bigint unsigned NOT NULL,
  `order_id` bigint unsigned NOT NULL,
  `status` varchar(100) COLLATE utf8mb4_unicode_ci NOT NULL DEFAULT 'chequeado',
  `checked_by` json DEFAULT NULL,
  `carrier` json DEFAULT NULL,
  `dispatch_id` bigint DEFAULT NULL,
  `created_at` timestamp NULL DEFAULT NULL,
  `updated_at` timestamp NULL DEFAULT NULL,
  `deleted_at` timestamp NULL DEFAULT NULL,
  PRIMARY KEY (`id`),
  UNIQUE KEY `shipments_order_id_unique` (`order_id`) USING BTREE,
  KEY `shipments_unit_id_foreign` (`unit_id`),
  CONSTRAINT `shipments_order_id_foreign` FOREIGN KEY (`order_id`) REFERENCES `orders` (`id`),
  CONSTRAINT `shipments_unit_id_foreign` FOREIGN KEY (`unit_id`) REFERENCES `units` (`id`)
) ENGINE=InnoDB AUTO_INCREMENT=2 DEFAULT CHARSET=utf8mb4 COLLATE=utf8mb4_unicode_ci;

-- Volcando datos para la tabla spc.shipments: ~1 rows (aproximadamente)
INSERT IGNORE INTO `shipments` (`id`, `uuid`, `delivery_address`, `packages`, `checked_at`, `order`, `unit_id`, `order_id`, `status`, `checked_by`, `carrier`, `dispatch_id`, `created_at`, `updated_at`, `deleted_at`) VALUES
	(1, '38cca1dc-a722-11ed-af98-222b2004cae1', 'Plaza José Manuel, 54, 5º F, 02467, La Altamirano de Arriba', 4, '2023-02-07 20:01:33', '{"uuid": "93f50df8-9cc1-11ed-b242-222b2004cae1", "items": [{"id": 12, "qty": 25, "item": {"sku": "12569", "name": "Caucho michellin 17\\"", "unit": "Unidades", "uuid": "d7e00b8e-9353-11ed-ace0-222b2004cae1", "brand": {"name": "Suzuki", "uuid": "d7cbabd0-9353-11ed-aa4f-222b2004cae1"}, "files": "http://spc.test/storage/products/s-l300.jpg", "stock": 568, "category": {"name": "Electricidad", "uuid": "d7c592ea-9353-11ed-a709-222b2004cae1"}, "discount": {"value": 1878.52, "is_applied": true, "percentage": 11, "description": "Descuento por volumen"}, "full_name": "12569 - Caucho michellin 17\\"", "stock_min": 50, "description": null, "second_name": "Caucho michellin 17\\"", "discount_as_of": 24, "sale_unit_price": 33, "currency_type_id": "USD"}, "total": 15198.98, "item_id": 4, "order_id": 9, "created_at": "25-01-2023", "unit_price": 683.1, "qty_confirm": 25, "unit_price_usd": 33, "currency_type_id": "VEF"}], "seller": {"code": "00001", "name": "Vendedor seller"}, "invoice": {"pdf": "http://spc.test/storage/invoice/invoice_00000003.pdf", "type": "01", "date_of_invoice": "2023-02-07", "document_number": "00003"}, "customer": {"code": "00001", "email": "quiroz.marina@example.net", "phone": "+904261953116", "number": "E-67847464", "address": "Plaza José Manuel, 54, 5º F, 02467, La Altamirano de Arriba", "contact": {"name": "Sra. Olivia Zepeda", "email": "jaime19@example.org", "phone": "+527084179881"}, "location": "Urica, Anzoátegui", "trade_name": "Persistent bottom-line hierarchy"}, "date_of_due": "2023-01-31", "order_number": "00009", "tax_percentage": "16.00"}', 1, 9, 'chequeado', '{"name": "Admin Perron", "email": "perron@mail.com"}', '{"id": 1, "name": "SPC DE VENEZUELA, C.A.", "contact": {"name": "Jesus Gallo", "email": "ventas@spcvenezuela.com", "phone": "0244-4186541"}}', NULL, '2023-02-07 20:01:34', '2023-02-07 20:01:34', NULL);

-- Volcando estructura para tabla spc.states
CREATE TABLE IF NOT EXISTS `states` (
  `id` bigint unsigned NOT NULL AUTO_INCREMENT,
  `state` varchar(255) COLLATE utf8mb4_unicode_ci NOT NULL,
  `iso_3166-2` varchar(255) COLLATE utf8mb4_unicode_ci NOT NULL,
  PRIMARY KEY (`id`)
) ENGINE=InnoDB AUTO_INCREMENT=26 DEFAULT CHARSET=utf8mb4 COLLATE=utf8mb4_unicode_ci;

-- Volcando datos para la tabla spc.states: ~25 rows (aproximadamente)
INSERT IGNORE INTO `states` (`id`, `state`, `iso_3166-2`) VALUES
	(1, 'Amazonas', 'VE-X'),
	(2, 'Anzoátegui', 'VE-B'),
	(3, 'Apure', 'VE-C'),
	(4, 'Aragua', 'VE-D'),
	(5, 'Barinas', 'VE-E'),
	(6, 'Bolívar', 'VE-F'),
	(7, 'Carabobo', 'VE-G'),
	(8, 'Cojedes', 'VE-H'),
	(9, 'Delta Amacuro', 'VE-Y'),
	(10, 'Falcón', 'VE-I'),
	(11, 'Guárico', 'VE-J'),
	(12, 'Lara', 'VE-K'),
	(13, 'Mérida', 'VE-L'),
	(14, 'Miranda', 'VE-M'),
	(15, 'Monagas', 'VE-N'),
	(16, 'Nueva Esparta', 'VE-O'),
	(17, 'Portuguesa', 'VE-P'),
	(18, 'Sucre', 'VE-R'),
	(19, 'Táchira', 'VE-S'),
	(20, 'Trujillo', 'VE-T'),
	(21, 'La Guaira', 'VE-W'),
	(22, 'Yaracuy', 'VE-U'),
	(23, 'Zulia', 'VE-V'),
	(24, 'Distrito Capital', 'VE-A'),
	(25, 'Dependencias Federales', 'VE-Z');

-- Volcando estructura para tabla spc.state_types
CREATE TABLE IF NOT EXISTS `state_types` (
  `id` char(2) COLLATE utf8mb4_unicode_ci NOT NULL,
  `name` varchar(255) COLLATE utf8mb4_unicode_ci NOT NULL,
  `state` enum('pending','success','danger') COLLATE utf8mb4_unicode_ci NOT NULL DEFAULT 'pending',
  UNIQUE KEY `state_types_id_unique` (`id`)
) ENGINE=InnoDB DEFAULT CHARSET=utf8mb4 COLLATE=utf8mb4_unicode_ci;

-- Volcando datos para la tabla spc.state_types: ~15 rows (aproximadamente)
INSERT IGNORE INTO `state_types` (`id`, `name`, `state`) VALUES
	('01', 'Completado', 'success'),
	('02', 'Aceptado', 'success'),
	('03', 'Enviado', 'pending'),
	('04', 'Pendiente por pago', 'pending'),
	('05', 'pago agregado', 'pending'),
	('06', 'pago aprobado', 'pending'),
	('07', 'pago rechazado', 'pending'),
	('08', 'Registrado', 'pending'),
	('09', 'Anulado', 'danger'),
	('10', 'Por anular', 'danger'),
	('11', 'Pago vencido', 'danger'),
	('12', 'Rechazado', 'danger'),
	('13', 'Pendiente por Aprobación', 'pending'),
	('14', 'Producto agregado', 'pending'),
	('15', 'Producto eliminado', 'pending');

-- Volcando estructura para tabla spc.table_retentions
CREATE TABLE IF NOT EXISTS `table_retentions` (
  `id` bigint unsigned NOT NULL AUTO_INCREMENT,
  `code` char(5) COLLATE utf8mb4_unicode_ci NOT NULL,
  `description` varchar(191) COLLATE utf8mb4_unicode_ci NOT NULL,
  `type_entity` char(4) COLLATE utf8mb4_unicode_ci DEFAULT NULL,
  `retention_percent` decimal(15,2) NOT NULL DEFAULT '0.00',
  `subtrahend` decimal(15,2) NOT NULL DEFAULT '0.00',
  PRIMARY KEY (`id`)
) ENGINE=InnoDB AUTO_INCREMENT=20 DEFAULT CHARSET=utf8mb4 COLLATE=utf8mb4_unicode_ci;

-- Volcando datos para la tabla spc.table_retentions: ~19 rows (aproximadamente)
INSERT IGNORE INTO `table_retentions` (`id`, `code`, `description`, `type_entity`, `retention_percent`, `subtrahend`) VALUES
	(1, '01', 'FLETES', 'J', 3.00, 0.00),
	(2, '016', 'HONORARIOS PROFESIONALES', 'J', 5.00, 0.00),
	(3, '017', 'SUELDO DIRECTOR', 'N', 33.68, 0.00),
	(4, '02', 'PREST DE SERV Y EJ DE OBRAS', 'J', 2.00, 0.00),
	(5, '03', 'PREST SERV Y EJ DE OBRAS', 'N', 1.00, 0.02),
	(6, '04', 'PUBLICIDAD Y PROPAGANDA', 'J', 5.00, 0.00),
	(7, '05', 'ARRENDAMIENTO PERSONA NATURAL', 'N', 3.00, 0.05),
	(8, '06', 'ARRENDAMIENTO PERSONA JURIDICA', 'J', 5.00, 0.00),
	(9, '07', 'FLETES PERSONAS NATURALES', 'N', 1.00, 0.02),
	(10, '08', 'HONORARIOS PROFESIONALES PN', 'N', 3.00, 0.05),
	(11, '09', 'COMISIONES PERSONA NATURAL', 'N', 3.00, 0.05),
	(12, '10', 'COMISIONES PERSONA JURIDICA', 'J', 5.00, 0.00),
	(13, '11', 'FLET PAG A PJ EXT MEN A 2000UT', 'J', 15.00, 0.00),
	(14, '12', 'FLET PJPAG EXT MAY 2000UT', 'J', 22.00, 0.15),
	(15, '13', 'FLETES PAG PJ EXT MAY A 3000UT', 'J', 34.00, 0.54),
	(16, '14', 'PUBLICIDAD Y PROPAGANDA', 'N', 3.00, 0.05),
	(17, '15', 'SUELDOS Y SALARIOS DIRECTOR', 'N', 34.59, 0.00),
	(18, '001', 'Lucia', 'N', 19.83, 0.00),
	(19, '015', 'Jesus', 'N', 23.18, 0.00);

-- Volcando estructura para tabla spc.taxes
CREATE TABLE IF NOT EXISTS `taxes` (
  `id` char(10) COLLATE utf8mb4_unicode_ci NOT NULL,
  `active` tinyint(1) NOT NULL,
  `name` varchar(255) COLLATE utf8mb4_unicode_ci NOT NULL,
  `percentage` decimal(5,2) NOT NULL DEFAULT '0.00',
  KEY `taxes_id_index` (`id`)
) ENGINE=InnoDB DEFAULT CHARSET=utf8mb4 COLLATE=utf8mb4_unicode_ci;

-- Volcando datos para la tabla spc.taxes: ~3 rows (aproximadamente)
INSERT IGNORE INTO `taxes` (`id`, `active`, `name`, `percentage`) VALUES
	('01', 1, 'Iva', 16.00),
	('02', 1, 'Arancel aduanal', 20.00),
	('03', 1, 'Nacionalizacion', 15.00);

-- Volcando estructura para tabla spc.units
CREATE TABLE IF NOT EXISTS `units` (
  `id` bigint unsigned NOT NULL AUTO_INCREMENT,
  `uuid` char(36) COLLATE utf8mb4_unicode_ci NOT NULL,
  `name` varchar(191) COLLATE utf8mb4_unicode_ci NOT NULL,
  `symbol` varchar(100) COLLATE utf8mb4_unicode_ci NOT NULL DEFAULT 'UND',
  `created_at` timestamp NULL DEFAULT NULL,
  `updated_at` timestamp NULL DEFAULT NULL,
  `deleted_at` timestamp NULL DEFAULT NULL,
  PRIMARY KEY (`id`)
) ENGINE=InnoDB AUTO_INCREMENT=12 DEFAULT CHARSET=utf8mb4 COLLATE=utf8mb4_unicode_ci;

-- Volcando datos para la tabla spc.units: ~11 rows (aproximadamente)
INSERT IGNORE INTO `units` (`id`, `uuid`, `name`, `symbol`, `created_at`, `updated_at`, `deleted_at`) VALUES
	(1, 'd7cfb9dc-9353-11ed-8f7d-222b2004cae1', 'Caja', 'BX', '2023-01-13 15:06:23', '2023-01-13 15:06:23', NULL),
	(2, 'd7d01e90-9353-11ed-8b27-222b2004cae1', 'Galones', 'GLL', '2023-01-13 15:06:23', '2023-01-13 15:06:23', NULL),
	(3, 'd7d073a4-9353-11ed-ac2b-222b2004cae1', 'Gramos', 'GRM', '2023-01-13 15:06:23', '2023-01-13 15:06:23', NULL),
	(4, 'd7d0d394-9353-11ed-8606-222b2004cae1', 'Kilos', 'KGM', '2023-01-13 15:06:23', '2023-01-13 15:06:23', NULL),
	(5, 'd7d12c7c-9353-11ed-bbf6-222b2004cae1', 'Litros', 'LTR', '2023-01-13 15:06:23', '2023-01-13 15:06:23', NULL),
	(6, 'd7d17a92-9353-11ed-a528-222b2004cae1', 'Metros', 'MTR', '2023-01-13 15:06:23', '2023-01-13 15:06:23', NULL),
	(7, 'd7d1e0ea-9353-11ed-9fa2-222b2004cae1', 'Pies', 'FOT', '2023-01-13 15:06:23', '2023-01-13 15:06:23', NULL),
	(8, 'd7d239be-9353-11ed-880c-222b2004cae1', 'Pulgadas', 'INH', '2023-01-13 15:06:23', '2023-01-13 15:06:23', NULL),
	(9, 'd7d28d60-9353-11ed-a241-222b2004cae1', 'Unidades', 'UND', '2023-01-13 15:06:23', '2023-01-13 15:06:23', NULL),
	(10, 'd7d2e8e6-9353-11ed-85a3-222b2004cae1', 'Yardas', 'YRD', '2023-01-13 15:06:23', '2023-01-13 15:06:23', NULL),
	(11, 'd7d34958-9353-11ed-ad70-222b2004cae1', 'Bulto', 'BLT', '2023-01-13 15:06:23', '2023-01-13 15:06:23', NULL);

-- Volcando estructura para tabla spc.users
CREATE TABLE IF NOT EXISTS `users` (
  `id` bigint unsigned NOT NULL AUTO_INCREMENT,
  `uuid` char(36) COLLATE utf8mb4_unicode_ci NOT NULL,
  `first_name` varchar(255) COLLATE utf8mb4_unicode_ci NOT NULL,
  `last_name` varchar(255) COLLATE utf8mb4_unicode_ci NOT NULL,
  `email` varchar(255) COLLATE utf8mb4_unicode_ci NOT NULL,
  `type` enum('admin','seller','employed') COLLATE utf8mb4_unicode_ci NOT NULL DEFAULT 'employed',
  `email_verified_at` timestamp NULL DEFAULT NULL,
  `password` varchar(255) COLLATE utf8mb4_unicode_ci NOT NULL,
  `remember_token` varchar(100) COLLATE utf8mb4_unicode_ci DEFAULT NULL,
  `created_at` timestamp NULL DEFAULT NULL,
  `updated_at` timestamp NULL DEFAULT NULL,
  `deleted_at` timestamp NULL DEFAULT NULL,
  PRIMARY KEY (`id`),
  UNIQUE KEY `users_email_unique` (`email`)
) ENGINE=InnoDB AUTO_INCREMENT=14 DEFAULT CHARSET=utf8mb4 COLLATE=utf8mb4_unicode_ci;

-- Volcando datos para la tabla spc.users: ~13 rows (aproximadamente)
INSERT IGNORE INTO `users` (`id`, `uuid`, `first_name`, `last_name`, `email`, `type`, `email_verified_at`, `password`, `remember_token`, `created_at`, `updated_at`, `deleted_at`) VALUES
	(1, 'd73f2bec-9353-11ed-86ff-222b2004cae1', 'Admin', 'Perron', 'perron@mail.com', 'admin', '2023-01-13 15:06:21', '$2y$10$FWb4BjCmgQn6hjNdK8B9s.CGXTDuShEIVSH5Nd9E.hKwoslfmznHa', 'SUWEY4Nh0fgIiuHcEY0z8pMfO4gusYcdnwqG5fOncDZogBCPYJyK6Cz7WAXw', '2023-01-13 15:06:22', '2023-01-13 15:06:22', NULL),
	(2, 'd74a7ace-9353-11ed-a378-222b2004cae1', 'Vendedor', 'seller', 'seller@mail.com', 'seller', '2023-01-13 15:06:22', '$2y$10$t7ObfS3LTwPvy3pipGyIoeV2Qud4y6kIFuV9H70Jra12LNADRC.hy', 'xavhzPTSUpNbN7FYqyqxShFVo7Vv6tMeOLQikSxOHZHS5YCf7Xtq4U0OQ7uW', '2023-01-13 15:06:22', '2023-01-13 15:06:22', NULL),
	(3, 'd7555840-9353-11ed-ac48-222b2004cae1', 'jacinto', 'peña', 'jacinto@mail.com', 'seller', '2023-01-13 15:06:22', '$2y$10$bJxPNKjskn6Rol9OtOOBVO66k.TU7.K1WWjRqxPI7IGKeUXgwURwC', 'SF6es5tLaD', '2023-01-13 15:06:22', '2023-01-13 15:06:22', NULL),
	(4, 'd79f5198-9353-11ed-8d14-222b2004cae1', 'Ian', 'Limón', 'aponte.veronica@example.org', 'seller', '2023-01-13 15:06:22', '$2y$10$70rsnLwDMakkfF2UWmUOFu1NEC1Gw8MFy55R0eYvQEg5CZ17QGpmm', 'oT9dj5QEqR', '2023-01-13 15:06:22', '2023-01-13 15:06:22', NULL),
	(5, 'd79fd8fc-9353-11ed-b7af-222b2004cae1', 'Miguel', 'Loya', 'joseantonio.fajardo@example.org', 'seller', '2023-01-13 15:06:22', '$2y$10$ylyYlC0GI61YbXLDl.odpOQDp5AhneTKWtu4IDCgj0OlX2SL9UaTi', '52E5MiAgwI', '2023-01-13 15:06:22', '2023-01-13 15:06:22', NULL),
	(6, 'd7a00caa-9353-11ed-8da2-222b2004cae1', 'Alicia', 'Godínez', 'franciscojavier85@example.com', 'admin', '2023-01-13 15:06:22', '$2y$10$FcIsQYjSSh/QNAKG5BHIIeOfaaIwbHABqW4lohKcngPj9zCiKAqUq', 'Z5qlcRrKPg', '2023-01-13 15:06:22', '2023-01-13 15:06:22', NULL),
	(7, 'd7a03f90-9353-11ed-bbbb-222b2004cae1', 'Santiago', 'Garay', 'franco.andrea@example.com', 'admin', '2023-01-13 15:06:22', '$2y$10$Uz7FqTQTHK2xMJ5ZULJYtOhaFeocTmXLHdDp/bG1RDA7jXE0yyDI6', 'j3uGturmEk', '2023-01-13 15:06:22', '2023-01-13 15:06:22', NULL),
	(8, 'd7a06d08-9353-11ed-96df-222b2004cae1', 'Victoria', 'Sola', 'dfrias@example.net', 'admin', '2023-01-13 15:06:22', '$2y$10$3O1zl9R/d3w30Y5nMUd6GuLbv2hwam2KnqYXuLvvIycxcpS6mpoT6', 'sy7v9UIDQl', '2023-01-13 15:06:22', '2023-01-13 15:06:22', NULL),
	(9, 'd7a09d28-9353-11ed-a9a5-222b2004cae1', 'Aitana', 'Verduzco', 'clara.ponce@example.net', 'admin', '2023-01-13 15:06:22', '$2y$10$Zxkjrr.SNmpnR908ciDZGuqjVVbO2x//5Ye2jIj8Qd.4S4ifkJlUG', '0ikAqJCs5b', '2023-01-13 15:06:22', '2023-01-13 15:06:22', NULL),
	(10, 'd7a0cb40-9353-11ed-9210-222b2004cae1', 'Rafael', 'Rojas', 'bcalderon@example.com', 'seller', '2023-01-13 15:06:22', '$2y$10$z6Kt1cRD.4tQUZ2ewWTyROvvFG6T.oE6t/XoamWN8AIWjmqYTtRWe', 'voasCwsw4I', '2023-01-13 15:06:22', '2023-01-13 15:06:22', NULL),
	(11, 'd7bf7e8c-9353-11ed-83f9-222b2004cae1', 'Nahia', 'Galván', 'eric34@example.org', 'admin', '2023-01-13 15:06:22', '$2y$10$BVXFkqKYFVHpPZal74T0N.81iUvTre/Y9wgXt0muK0H69rcFg9CGa', '7dTeHGmHxm', '2023-01-13 15:06:22', '2023-01-13 15:06:22', NULL),
	(12, 'd7bfe99e-9353-11ed-b15e-222b2004cae1', 'Gerard', 'Fonseca', 'aurora.mas@example.net', 'employed', '2023-01-13 15:06:22', '$2y$10$Me78zOYqL7eWU8aDi4s6SOL5lgoLeAfB2MSCfE5F/ifNC2oIPy6l6', 'jXKQ98Bjw0', '2023-01-13 15:06:22', '2023-01-13 15:06:22', NULL),
	(13, 'd7c03296-9353-11ed-aab5-222b2004cae1', 'Enrique', 'Mojica', 'villareal.alexandra@example.net', 'seller', '2023-01-13 15:06:22', '$2y$10$uxfMD3xiFPp/n4QF72964upV8Rs2n4BfJBGOvF1jxJ8am8RMTQa5u', 'jPrLcwDbTL', '2023-01-13 15:06:22', '2023-01-13 15:06:22', NULL);

-- Volcando estructura para tabla spc.zones
CREATE TABLE IF NOT EXISTS `zones` (
  `id` bigint unsigned NOT NULL AUTO_INCREMENT,
  `uuid` char(36) COLLATE utf8mb4_unicode_ci NOT NULL,
  `name` varchar(191) COLLATE utf8mb4_unicode_ci NOT NULL,
  `parish_id` bigint unsigned NOT NULL,
  `city_id` bigint unsigned NOT NULL,
  `color_zone_id` bigint unsigned DEFAULT NULL,
  `created_at` timestamp NULL DEFAULT NULL,
  `updated_at` timestamp NULL DEFAULT NULL,
  `deleted_at` timestamp NULL DEFAULT NULL,
  PRIMARY KEY (`id`),
  KEY `zones_parish_id_foreign` (`parish_id`),
  KEY `zones_city_id_foreign` (`city_id`),
  KEY `zones_color_zone_id_foreign` (`color_zone_id`),
  CONSTRAINT `zones_city_id_foreign` FOREIGN KEY (`city_id`) REFERENCES `cities` (`id`),
  CONSTRAINT `zones_color_zone_id_foreign` FOREIGN KEY (`color_zone_id`) REFERENCES `color_zones` (`id`),
  CONSTRAINT `zones_parish_id_foreign` FOREIGN KEY (`parish_id`) REFERENCES `parishes` (`id`)
) ENGINE=InnoDB AUTO_INCREMENT=11 DEFAULT CHARSET=utf8mb4 COLLATE=utf8mb4_unicode_ci;

-- Volcando datos para la tabla spc.zones: ~10 rows (aproximadamente)
INSERT IGNORE INTO `zones` (`id`, `uuid`, `name`, `parish_id`, `city_id`, `color_zone_id`, `created_at`, `updated_at`, `deleted_at`) VALUES
	(1, 'db651c68-9353-11ed-98c1-222b2004cae1', 'Guinea-Bisáu', 42, 30, 1, '2023-01-13 15:06:29', '2023-01-13 15:06:29', NULL),
	(2, 'db6612ee-9353-11ed-a044-222b2004cae1', 'Bulgaria', 728, 352, 2, '2023-01-13 15:06:29', '2023-01-26 19:51:19', NULL),
	(3, 'db668bac-9353-11ed-b76a-222b2004cae1', 'Rusia', 72, 12, 4, '2023-01-13 15:06:29', '2023-01-26 19:51:38', NULL),
	(4, 'db670690-9353-11ed-8f10-222b2004cae1', 'Comoras', 848, 386, 2, '2023-01-13 15:06:29', '2023-01-13 15:06:29', NULL),
	(5, 'db677850-9353-11ed-8a24-222b2004cae1', 'Sudáfrica', 203, 85, 1, '2023-01-13 15:06:29', '2023-01-26 19:51:55', NULL),
	(6, 'db67d138-9353-11ed-a5f7-222b2004cae1', 'Maldivas', 721, 323, 4, '2023-01-13 15:06:29', '2023-01-27 14:20:48', NULL),
	(7, 'db68226e-9353-11ed-a607-222b2004cae1', 'España', 542, 245, 2, '2023-01-13 15:06:29', '2023-01-27 15:01:17', NULL),
	(8, 'db6873e0-9353-11ed-bf1d-222b2004cae1', 'Liechtenstein', 654, 274, 1, '2023-01-13 15:06:29', '2023-01-13 15:06:29', NULL),
	(9, 'db68d0c4-9353-11ed-b587-222b2004cae1', 'Congo', 578, 239, 4, '2023-01-13 15:06:29', '2023-01-13 15:06:29', NULL),
	(10, 'db692e3e-9353-11ed-8086-222b2004cae1', 'India', 715, 330, 1, '2023-01-13 15:06:29', '2023-01-13 15:06:29', NULL);

/*!40103 SET TIME_ZONE=IFNULL(@OLD_TIME_ZONE, 'system') */;
/*!40101 SET SQL_MODE=IFNULL(@OLD_SQL_MODE, '') */;
/*!40014 SET FOREIGN_KEY_CHECKS=IFNULL(@OLD_FOREIGN_KEY_CHECKS, 1) */;
/*!40101 SET CHARACTER_SET_CLIENT=@OLD_CHARACTER_SET_CLIENT */;
/*!40111 SET SQL_NOTES=IFNULL(@OLD_SQL_NOTES, 1) */;
